"brand","status","category","copied_filename","source_path","working_path","original_last_write_time","original_size_bytes","notes"
"subway","classified","03-counter-kiosk-order","subway-0001-1_1.jpg","D:\26년 C드라이브 복사본\26년 개인블로그\내가 찍었던 사진들\써브웨이\1_1.jpg","C:\Users\home\Documents\detailpages\franchise-photo-library\subway\03-counter-kiosk-order\subway-0001-1_1.jpg","2026-04-14T17:08:42","300927","카운터와 내부 주문 동선"
"subway","classified","01-exterior-signage","subway-0002-1_10.jpg","D:\26년 C드라이브 복사본\26년 개인블로그\내가 찍었던 사진들\써브웨이\1_10.jpg","C:\Users\home\Documents\detailpages\franchise-photo-library\subway\01-exterior-signage\subway-0002-1_10.jpg","2026-04-14T17:30:02","67536","외부 전면 간판과 출입구"
"subway","classified","01-exterior-signage","subway-0003-1_11.jpg","D:\26년 C드라이브 복사본\26년 개인블로그\내가 찍었던 사진들\써브웨이\1_11.jpg","C:\Users\home\Documents\detailpages\franchise-photo-library\subway\01-exterior-signage\subway-0003-1_11.jpg","2026-04-14T17:31:59","87891","외부 전면 간판"
"subway","classified","05-food-drink-menu","subway-0004-1_12.jpg","D:\26년 C드라이브 복사본\26년 개인블로그\내가 찍었던 사진들\써브웨이\1_12.jpg","C:\Users\home\Documents\detailpages\franchise-photo-library\subway\05-food-drink-menu\subway-0004-1_12.jpg","2026-04-14T17:32:39","53252","제품 이미지 컷"
"subway","classified","05-food-drink-menu","subway-0005-1_13.jpg","D:\26년 C드라이브 복사본\26년 개인블로그\내가 찍었던 사진들\써브웨이\1_13.jpg","C:\Users\home\Documents\detailpages\franchise-photo-library\subway\05-food-drink-menu\subway-0005-1_13.jpg","2026-04-15T11:28:37","375160","샌드위치와 음료 제품컷"
"subway","classified","03-counter-kiosk-order","subway-0006-1_14.jpg","D:\26년 C드라이브 복사본\26년 개인블로그\내가 찍었던 사진들\써브웨이\1_14.jpg","C:\Users\home\Documents\detailpages\franchise-photo-library\subway\03-counter-kiosk-order\subway-0006-1_14.jpg","2026-04-15T11:28:50","201758","키오스크와 주문 동선"
"subway","classified","01-exterior-signage","subway-0007-1_15.jpg","D:\26년 C드라이브 복사본\26년 개인블로그\내가 찍었던 사진들\써브웨이\1_15.jpg","C:\Users\home\Documents\detailpages\franchise-photo-library\subway\01-exterior-signage\subway-0007-1_15.jpg","2026-04-15T11:29:02","293725","외부 전면 간판"
"subway","classified","03-counter-kiosk-order","subway-0008-1_16.jpg","D:\26년 C드라이브 복사본\26년 개인블로그\내가 찍었던 사진들\써브웨이\1_16.jpg","C:\Users\home\Documents\detailpages\franchise-photo-library\subway\03-counter-kiosk-order\subway-0008-1_16.jpg","2026-04-15T11:29:21","268550","카운터와 메뉴보드"
"subway","classified","01-exterior-signage","subway-0009-1_17.jpg","D:\26년 C드라이브 복사본\26년 개인블로그\내가 찍었던 사진들\써브웨이\1_17.jpg","C:\Users\home\Documents\detailpages\franchise-photo-library\subway\01-exterior-signage\subway-0009-1_17.jpg","2026-04-15T11:29:42","344962","외부 전면 간판"
"subway","classified","02-interior-seating","subway-0010-1_18.jpg","D:\26년 C드라이브 복사본\26년 개인블로그\내가 찍었던 사진들\써브웨이\1_18.jpg","C:\Users\home\Documents\detailpages\franchise-photo-library\subway\02-interior-seating\subway-0010-1_18.jpg","2026-04-15T11:29:57","346135","창가 좌석"
"subway","classified","01-exterior-signage","subway-0011-1_19.jpg","D:\26년 C드라이브 복사본\26년 개인블로그\내가 찍었던 사진들\써브웨이\1_19.jpg","C:\Users\home\Documents\detailpages\franchise-photo-library\subway\01-exterior-signage\subway-0011-1_19.jpg","2026-04-15T11:30:21","347105","외부 간판과 쇼윈도"
"subway","classified","02-interior-seating","subway-0012-1_2.jpg","D:\26년 C드라이브 복사본\26년 개인블로그\내가 찍었던 사진들\써브웨이\1_2.jpg","C:\Users\home\Documents\detailpages\franchise-photo-library\subway\02-interior-seating\subway-0012-1_2.jpg","2026-04-14T17:08:51","317980","좌석 공간"
"subway","classified","02-interior-seating","subway-0013-1_20.jpg","D:\26년 C드라이브 복사본\26년 개인블로그\내가 찍었던 사진들\써브웨이\1_20.jpg","C:\Users\home\Documents\detailpages\franchise-photo-library\subway\02-interior-seating\subway-0013-1_20.jpg","2026-04-15T11:30:31","194667","좌석과 카운터 방향"
"subway","classified","02-interior-seating","subway-0014-1_21.jpg","D:\26년 C드라이브 복사본\26년 개인블로그\내가 찍었던 사진들\써브웨이\1_21.jpg","C:\Users\home\Documents\detailpages\franchise-photo-library\subway\02-interior-seating\subway-0014-1_21.jpg","2026-04-15T11:30:51","333550","좌석과 브랜드 월사인"
"subway","classified","05-food-drink-menu","subway-0015-1_22.jpg","D:\26년 C드라이브 복사본\26년 개인블로그\내가 찍었던 사진들\써브웨이\1_22.jpg","C:\Users\home\Documents\detailpages\franchise-photo-library\subway\05-food-drink-menu\subway-0015-1_22.jpg","2026-04-15T11:31:00","257714","샌드위치 제품컷"
"subway","classified","02-interior-seating","subway-0016-1_3.jpg","D:\26년 C드라이브 복사본\26년 개인블로그\내가 찍었던 사진들\써브웨이\1_3.jpg","C:\Users\home\Documents\detailpages\franchise-photo-library\subway\02-interior-seating\subway-0016-1_3.jpg","2026-04-14T17:09:07","203075","좌석 공간"
"subway","classified","01-exterior-signage","subway-0017-1_4.jpg","D:\26년 C드라이브 복사본\26년 개인블로그\내가 찍었던 사진들\써브웨이\1_4.jpg","C:\Users\home\Documents\detailpages\franchise-photo-library\subway\01-exterior-signage\subway-0017-1_4.jpg","2026-04-14T17:27:47","106752","외부 전면 간판"
"subway","classified","01-exterior-signage","subway-0018-1_5.jpg","D:\26년 C드라이브 복사본\26년 개인블로그\내가 찍었던 사진들\써브웨이\1_5.jpg","C:\Users\home\Documents\detailpages\franchise-photo-library\subway\01-exterior-signage\subway-0018-1_5.jpg","2026-04-14T17:28:12","100811","외부 전면 간판"
"subway","classified","01-exterior-signage","subway-0019-1_6.jpg","D:\26년 C드라이브 복사본\26년 개인블로그\내가 찍었던 사진들\써브웨이\1_6.jpg","C:\Users\home\Documents\detailpages\franchise-photo-library\subway\01-exterior-signage\subway-0019-1_6.jpg","2026-04-14T17:28:21","54322","외부 전면 간판"
"subway","classified","01-exterior-signage","subway-0020-1_7.jpg","D:\26년 C드라이브 복사본\26년 개인블로그\내가 찍었던 사진들\써브웨이\1_7.jpg","C:\Users\home\Documents\detailpages\franchise-photo-library\subway\01-exterior-signage\subway-0020-1_7.jpg","2026-04-14T17:28:37","75034","외부 전면 간판"
"subway","classified","01-exterior-signage","subway-0021-1_8.jpg","D:\26년 C드라이브 복사본\26년 개인블로그\내가 찍었던 사진들\써브웨이\1_8.jpg","C:\Users\home\Documents\detailpages\franchise-photo-library\subway\01-exterior-signage\subway-0021-1_8.jpg","2026-04-14T17:29:21","68789","외부 전면 간판"
"subway","classified","06-menu-promotion","subway-0022-1_9.jpg","D:\26년 C드라이브 복사본\26년 개인블로그\내가 찍었던 사진들\써브웨이\1_9.jpg","C:\Users\home\Documents\detailpages\franchise-photo-library\subway\06-menu-promotion\subway-0022-1_9.jpg","2026-04-14T17:29:52","15734","브랜드 로고 그래픽"
"subway","classified","05-food-drink-menu","subway-0023-2_1.jpg","D:\26년 C드라이브 복사본\26년 개인블로그\내가 찍었던 사진들\써브웨이\2_1.jpg","C:\Users\home\Documents\detailpages\franchise-photo-library\subway\05-food-drink-menu\subway-0023-2_1.jpg","2026-04-16T12:29:56","271317","샌드위치 포장 제품컷"
"subway","classified","02-interior-seating","subway-0024-2_10.jpg","D:\26년 C드라이브 복사본\26년 개인블로그\내가 찍었던 사진들\써브웨이\2_10.jpg","C:\Users\home\Documents\detailpages\franchise-photo-library\subway\02-interior-seating\subway-0024-2_10.jpg","2026-04-16T12:34:19","291125","좌석과 내부 벽면"
"subway","classified","02-interior-seating","subway-0025-2_11.jpg","D:\26년 C드라이브 복사본\26년 개인블로그\내가 찍었던 사진들\써브웨이\2_11.jpg","C:\Users\home\Documents\detailpages\franchise-photo-library\subway\02-interior-seating\subway-0025-2_11.jpg","2026-04-16T12:34:35","385882","창가 좌석"
"subway","classified","05-food-drink-menu","subway-0026-2_12.jpg","D:\26년 C드라이브 복사본\26년 개인블로그\내가 찍었던 사진들\써브웨이\2_12.jpg","C:\Users\home\Documents\detailpages\franchise-photo-library\subway\05-food-drink-menu\subway-0026-2_12.jpg","2026-04-16T12:34:44","448862","샌드위치 재료 쇼케이스"
"subway","classified","03-counter-kiosk-order","subway-0027-2_13.jpg","D:\26년 C드라이브 복사본\26년 개인블로그\내가 찍었던 사진들\써브웨이\2_13.jpg","C:\Users\home\Documents\detailpages\franchise-photo-library\subway\03-counter-kiosk-order\subway-0027-2_13.jpg","2026-04-16T12:36:40","258979","출입구와 줄서기 동선"
"subway","classified","01-exterior-signage","subway-0028-2_14.jpg","D:\26년 C드라이브 복사본\26년 개인블로그\내가 찍었던 사진들\써브웨이\2_14.jpg","C:\Users\home\Documents\detailpages\franchise-photo-library\subway\01-exterior-signage\subway-0028-2_14.jpg","2026-04-16T12:37:03","322690","외부 출입구와 간판"
"subway","classified","03-counter-kiosk-order","subway-0029-2_15.jpg","D:\26년 C드라이브 복사본\26년 개인블로그\내가 찍었던 사진들\써브웨이\2_15.jpg","C:\Users\home\Documents\detailpages\franchise-photo-library\subway\03-counter-kiosk-order\subway-0029-2_15.jpg","2026-04-16T12:37:16","308383","카운터와 메뉴보드"
"subway","classified","02-interior-seating","subway-0030-2_16.jpg","D:\26년 C드라이브 복사본\26년 개인블로그\내가 찍었던 사진들\써브웨이\2_16.jpg","C:\Users\home\Documents\detailpages\franchise-photo-library\subway\02-interior-seating\subway-0030-2_16.jpg","2026-04-16T12:37:43","283840","좌석과 카운터 방향"
"subway","classified","02-interior-seating","subway-0031-2_17.jpg","D:\26년 C드라이브 복사본\26년 개인블로그\내가 찍었던 사진들\써브웨이\2_17.jpg","C:\Users\home\Documents\detailpages\franchise-photo-library\subway\02-interior-seating\subway-0031-2_17.jpg","2026-04-16T12:38:21","382786","좌석 공간"
"subway","classified","01-exterior-signage","subway-0032-2_18.jpg","D:\26년 C드라이브 복사본\26년 개인블로그\내가 찍었던 사진들\써브웨이\2_18.jpg","C:\Users\home\Documents\detailpages\franchise-photo-library\subway\01-exterior-signage\subway-0032-2_18.jpg","2026-04-16T12:38:35","477940","외부 간판과 쇼윈도"
"subway","classified","02-interior-seating","subway-0033-2_19.jpg","D:\26년 C드라이브 복사본\26년 개인블로그\내가 찍었던 사진들\써브웨이\2_19.jpg","C:\Users\home\Documents\detailpages\franchise-photo-library\subway\02-interior-seating\subway-0033-2_19.jpg","2026-04-16T12:39:00","324644","좌석과 브랜드 월사인"
"subway","classified","02-interior-seating","subway-0034-2_2.jpg","D:\26년 C드라이브 복사본\26년 개인블로그\내가 찍었던 사진들\써브웨이\2_2.jpg","C:\Users\home\Documents\detailpages\franchise-photo-library\subway\02-interior-seating\subway-0034-2_2.jpg","2026-04-16T12:30:31","201121","좌석과 브랜드 컬러 벽면"
"subway","classified","02-interior-seating","subway-0035-2_20.jpg","D:\26년 C드라이브 복사본\26년 개인블로그\내가 찍었던 사진들\써브웨이\2_20.jpg","C:\Users\home\Documents\detailpages\franchise-photo-library\subway\02-interior-seating\subway-0035-2_20.jpg","2026-04-16T12:39:29","197783","좌석과 벽면 문구"
"subway","classified","02-interior-seating","subway-0036-2_21.jpg","D:\26년 C드라이브 복사본\26년 개인블로그\내가 찍었던 사진들\써브웨이\2_21.jpg","C:\Users\home\Documents\detailpages\franchise-photo-library\subway\02-interior-seating\subway-0036-2_21.jpg","2026-04-16T12:39:39","276068","좌석과 브랜드 월사인"
"subway","classified","03-counter-kiosk-order","subway-0037-2_22.jpg","D:\26년 C드라이브 복사본\26년 개인블로그\내가 찍었던 사진들\써브웨이\2_22.jpg","C:\Users\home\Documents\detailpages\franchise-photo-library\subway\03-counter-kiosk-order\subway-0037-2_22.jpg","2026-04-16T12:40:12","290600","카운터와 주문 동선"
"subway","classified","01-exterior-signage","subway-0038-2_23.jpg","D:\26년 C드라이브 복사본\26년 개인블로그\내가 찍었던 사진들\써브웨이\2_23.jpg","C:\Users\home\Documents\detailpages\franchise-photo-library\subway\01-exterior-signage\subway-0038-2_23.jpg","2026-04-16T12:40:33","356484","외부 전면 간판과 출입구"
"subway","classified","02-interior-seating","subway-0039-2_24.jpg","D:\26년 C드라이브 복사본\26년 개인블로그\내가 찍었던 사진들\써브웨이\2_24.jpg","C:\Users\home\Documents\detailpages\franchise-photo-library\subway\02-interior-seating\subway-0039-2_24.jpg","2026-04-16T12:41:15","310287","브랜드 벽면 그래픽과 좌석"
"subway","classified","02-interior-seating","subway-0040-2_25.jpg","D:\26년 C드라이브 복사본\26년 개인블로그\내가 찍었던 사진들\써브웨이\2_25.jpg","C:\Users\home\Documents\detailpages\franchise-photo-library\subway\02-interior-seating\subway-0040-2_25.jpg","2026-04-16T12:41:28","312053","좌석과 매장 내부"
"subway","classified","01-exterior-signage","subway-0041-2_26.jpg","D:\26년 C드라이브 복사본\26년 개인블로그\내가 찍었던 사진들\써브웨이\2_26.jpg","C:\Users\home\Documents\detailpages\franchise-photo-library\subway\01-exterior-signage\subway-0041-2_26.jpg","2026-04-16T12:41:51","382045","외부 간판과 제품 이미지"
"subway","classified","05-food-drink-menu","subway-0042-2_27.jpg","D:\26년 C드라이브 복사본\26년 개인블로그\내가 찍었던 사진들\써브웨이\2_27.jpg","C:\Users\home\Documents\detailpages\franchise-photo-library\subway\05-food-drink-menu\subway-0042-2_27.jpg","2026-04-16T12:42:20","407175","샌드위치 재료 쇼케이스"
"subway","classified","02-interior-seating","subway-0043-2_28.jpg","D:\26년 C드라이브 복사본\26년 개인블로그\내가 찍었던 사진들\써브웨이\2_28.jpg","C:\Users\home\Documents\detailpages\franchise-photo-library\subway\02-interior-seating\subway-0043-2_28.jpg","2026-04-16T12:42:54","225575","좌석과 브랜드 컬러 벽면"
"subway","classified","03-counter-kiosk-order","subway-0044-2_29.jpg","D:\26년 C드라이브 복사본\26년 개인블로그\내가 찍었던 사진들\써브웨이\2_29.jpg","C:\Users\home\Documents\detailpages\franchise-photo-library\subway\03-counter-kiosk-order\subway-0044-2_29.jpg","2026-04-16T12:43:09","293963","키오스크 주문 동선"
"subway","classified","02-interior-seating","subway-0045-2_3.jpg","D:\26년 C드라이브 복사본\26년 개인블로그\내가 찍었던 사진들\써브웨이\2_3.jpg","C:\Users\home\Documents\detailpages\franchise-photo-library\subway\02-interior-seating\subway-0045-2_3.jpg","2026-04-16T12:30:43","187655","좌석 공간"
"subway","classified","03-counter-kiosk-order","subway-0046-2_30.jpg","D:\26년 C드라이브 복사본\26년 개인블로그\내가 찍었던 사진들\써브웨이\2_30.jpg","C:\Users\home\Documents\detailpages\franchise-photo-library\subway\03-counter-kiosk-order\subway-0046-2_30.jpg","2026-04-16T12:43:26","172956","키오스크와 좌석 동선"
"subway","classified","02-interior-seating","subway-0047-2_31.jpg","D:\26년 C드라이브 복사본\26년 개인블로그\내가 찍었던 사진들\써브웨이\2_31.jpg","C:\Users\home\Documents\detailpages\franchise-photo-library\subway\02-interior-seating\subway-0047-2_31.jpg","2026-04-16T12:43:36","153718","좌석과 브랜드 월사인"
"subway","classified","05-food-drink-menu","subway-0048-2_32.jpg","D:\26년 C드라이브 복사본\26년 개인블로그\내가 찍었던 사진들\써브웨이\2_32.jpg","C:\Users\home\Documents\detailpages\franchise-photo-library\subway\05-food-drink-menu\subway-0048-2_32.jpg","2026-04-16T12:44:27","375514","샌드위치 제품컷"
"subway","classified","03-counter-kiosk-order","subway-0049-2_33.jpg","D:\26년 C드라이브 복사본\26년 개인블로그\내가 찍었던 사진들\써브웨이\2_33.jpg","C:\Users\home\Documents\detailpages\franchise-photo-library\subway\03-counter-kiosk-order\subway-0049-2_33.jpg","2026-04-16T12:45:11","300140","키오스크와 출입구 동선"
"subway","classified","01-exterior-signage","subway-0050-2_34.jpg","D:\26년 C드라이브 복사본\26년 개인블로그\내가 찍었던 사진들\써브웨이\2_34.jpg","C:\Users\home\Documents\detailpages\franchise-photo-library\subway\01-exterior-signage\subway-0050-2_34.jpg","2026-04-16T12:46:22","350652","외부 매장 전면"
"subway","classified","02-interior-seating","subway-0051-2_35.jpg","D:\26년 C드라이브 복사본\26년 개인블로그\내가 찍었던 사진들\써브웨이\2_35.jpg","C:\Users\home\Documents\detailpages\franchise-photo-library\subway\02-interior-seating\subway-0051-2_35.jpg","2026-04-16T12:46:33","231821","브랜드 월사인과 좌석"
"subway","classified","02-interior-seating","subway-0052-2_36.jpg","D:\26년 C드라이브 복사본\26년 개인블로그\내가 찍었던 사진들\써브웨이\2_36.jpg","C:\Users\home\Documents\detailpages\franchise-photo-library\subway\02-interior-seating\subway-0052-2_36.jpg","2026-04-16T12:46:48","265800","좌석과 카운터 방향"
"subway","classified","02-interior-seating","subway-0053-2_37.jpg","D:\26년 C드라이브 복사본\26년 개인블로그\내가 찍었던 사진들\써브웨이\2_37.jpg","C:\Users\home\Documents\detailpages\franchise-photo-library\subway\02-interior-seating\subway-0053-2_37.jpg","2026-04-16T12:47:58","196310","좌석과 브랜드 그래픽"
"subway","classified","02-interior-seating","subway-0054-2_38.jpg","D:\26년 C드라이브 복사본\26년 개인블로그\내가 찍었던 사진들\써브웨이\2_38.jpg","C:\Users\home\Documents\detailpages\franchise-photo-library\subway\02-interior-seating\subway-0054-2_38.jpg","2026-04-16T12:48:25","260454","좌석 공간"
"subway","classified","01-exterior-signage","subway-0055-2_39.jpg","D:\26년 C드라이브 복사본\26년 개인블로그\내가 찍었던 사진들\써브웨이\2_39.jpg","C:\Users\home\Documents\detailpages\franchise-photo-library\subway\01-exterior-signage\subway-0055-2_39.jpg","2026-04-16T12:48:42","320466","외부 야간 간판"
"subway","classified","02-interior-seating","subway-0056-2_4.jpg","D:\26년 C드라이브 복사본\26년 개인블로그\내가 찍었던 사진들\써브웨이\2_4.jpg","C:\Users\home\Documents\detailpages\franchise-photo-library\subway\02-interior-seating\subway-0056-2_4.jpg","2026-04-16T12:30:50","238230","좌석 공간"
"subway","classified","02-interior-seating","subway-0057-2_5.jpg","D:\26년 C드라이브 복사본\26년 개인블로그\내가 찍었던 사진들\써브웨이\2_5.jpg","C:\Users\home\Documents\detailpages\franchise-photo-library\subway\02-interior-seating\subway-0057-2_5.jpg","2026-04-16T12:31:23","283900","브랜드 월사인과 좌석"
"subway","classified","02-interior-seating","subway-0058-2_6.jpg","D:\26년 C드라이브 복사본\26년 개인블로그\내가 찍었던 사진들\써브웨이\2_6.jpg","C:\Users\home\Documents\detailpages\franchise-photo-library\subway\02-interior-seating\subway-0058-2_6.jpg","2026-04-16T12:31:57","206880","좌석 공간"
"subway","classified","02-interior-seating","subway-0059-2_7.jpg","D:\26년 C드라이브 복사본\26년 개인블로그\내가 찍었던 사진들\써브웨이\2_7.jpg","C:\Users\home\Documents\detailpages\franchise-photo-library\subway\02-interior-seating\subway-0059-2_7.jpg","2026-04-16T12:32:38","349337","좌석과 브랜드 월사인"
"subway","classified","05-food-drink-menu","subway-0060-2_8.jpg","D:\26년 C드라이브 복사본\26년 개인블로그\내가 찍었던 사진들\써브웨이\2_8.jpg","C:\Users\home\Documents\detailpages\franchise-photo-library\subway\05-food-drink-menu\subway-0060-2_8.jpg","2026-04-16T12:33:39","432216","샌드위치 재료 쇼케이스"
"subway","classified","03-counter-kiosk-order","subway-0061-2_9.jpg","D:\26년 C드라이브 복사본\26년 개인블로그\내가 찍었던 사진들\써브웨이\2_9.jpg","C:\Users\home\Documents\detailpages\franchise-photo-library\subway\03-counter-kiosk-order\subway-0061-2_9.jpg","2026-04-16T12:33:53","352558","카운터와 메뉴보드"
"subway","classified","01-exterior-signage","subway-0062-3_1.jpg","D:\26년 C드라이브 복사본\26년 개인블로그\내가 찍었던 사진들\써브웨이\3_1.jpg","C:\Users\home\Documents\detailpages\franchise-photo-library\subway\01-exterior-signage\subway-0062-3_1.jpg","2026-04-21T09:45:10","404599","외부 전면 간판"
"subway","classified","02-interior-seating","subway-0063-3_10.jpg","D:\26년 C드라이브 복사본\26년 개인블로그\내가 찍었던 사진들\써브웨이\3_10.jpg","C:\Users\home\Documents\detailpages\franchise-photo-library\subway\02-interior-seating\subway-0063-3_10.jpg","2026-04-21T09:47:33","265312","넓은 좌석 공간"
"subway","classified","05-food-drink-menu","subway-0064-3_11.jpg","D:\26년 C드라이브 복사본\26년 개인블로그\내가 찍었던 사진들\써브웨이\3_11.jpg","C:\Users\home\Documents\detailpages\franchise-photo-library\subway\05-food-drink-menu\subway-0064-3_11.jpg","2026-04-21T09:48:10","204246","샌드위치 제품컷"
"subway","classified","03-counter-kiosk-order","subway-0065-3_12.jpg","D:\26년 C드라이브 복사본\26년 개인블로그\내가 찍었던 사진들\써브웨이\3_12.jpg","C:\Users\home\Documents\detailpages\franchise-photo-library\subway\03-counter-kiosk-order\subway-0065-3_12.jpg","2026-04-21T09:48:30","205759","키오스크 주문 동선"
"subway","classified","01-exterior-signage","subway-0066-3_13.png","D:\26년 C드라이브 복사본\26년 개인블로그\내가 찍었던 사진들\써브웨이\3_13.png","C:\Users\home\Documents\detailpages\franchise-photo-library\subway\01-exterior-signage\subway-0066-3_13.png","2026-04-21T09:49:30","1768714","외부 전면 간판"
"subway","classified","03-counter-kiosk-order","subway-0067-3_14.jpg","D:\26년 C드라이브 복사본\26년 개인블로그\내가 찍었던 사진들\써브웨이\3_14.jpg","C:\Users\home\Documents\detailpages\franchise-photo-library\subway\03-counter-kiosk-order\subway-0067-3_14.jpg","2026-04-21T09:49:44","256170","키오스크 주문 동선"
"subway","classified","02-interior-seating","subway-0068-3_15.jpg","D:\26년 C드라이브 복사본\26년 개인블로그\내가 찍었던 사진들\써브웨이\3_15.jpg","C:\Users\home\Documents\detailpages\franchise-photo-library\subway\02-interior-seating\subway-0068-3_15.jpg","2026-04-21T09:49:58","221508","좌석 공간"
"subway","classified","03-counter-kiosk-order","subway-0069-3_16.jpg","D:\26년 C드라이브 복사본\26년 개인블로그\내가 찍었던 사진들\써브웨이\3_16.jpg","C:\Users\home\Documents\detailpages\franchise-photo-library\subway\03-counter-kiosk-order\subway-0069-3_16.jpg","2026-04-21T09:50:16","288034","키오스크 주문 동선"
"subway","classified","01-exterior-signage","subway-0070-3_17.jpg","D:\26년 C드라이브 복사본\26년 개인블로그\내가 찍었던 사진들\써브웨이\3_17.jpg","C:\Users\home\Documents\detailpages\franchise-photo-library\subway\01-exterior-signage\subway-0070-3_17.jpg","2026-04-21T09:50:54","438586","외부 간판 클로즈업"
"subway","classified","02-interior-seating","subway-0071-3_18.jpg","D:\26년 C드라이브 복사본\26년 개인블로그\내가 찍었던 사진들\써브웨이\3_18.jpg","C:\Users\home\Documents\detailpages\franchise-photo-library\subway\02-interior-seating\subway-0071-3_18.jpg","2026-04-21T09:51:11","290678","좌석과 브랜드 컬러 벽면"
"subway","classified","05-food-drink-menu","subway-0072-3_19.jpg","D:\26년 C드라이브 복사본\26년 개인블로그\내가 찍었던 사진들\써브웨이\3_19.jpg","C:\Users\home\Documents\detailpages\franchise-photo-library\subway\05-food-drink-menu\subway-0072-3_19.jpg","2026-04-21T09:51:47","429881","음료와 포장 제품컷"
"subway","classified","03-counter-kiosk-order","subway-0073-3_2.jpg","D:\26년 C드라이브 복사본\26년 개인블로그\내가 찍었던 사진들\써브웨이\3_2.jpg","C:\Users\home\Documents\detailpages\franchise-photo-library\subway\03-counter-kiosk-order\subway-0073-3_2.jpg","2026-04-21T09:45:27","314515","키오스크와 출입구 동선"
"subway","classified","01-exterior-signage","subway-0074-3_20.jpg","D:\26년 C드라이브 복사본\26년 개인블로그\내가 찍었던 사진들\써브웨이\3_20.jpg","C:\Users\home\Documents\detailpages\franchise-photo-library\subway\01-exterior-signage\subway-0074-3_20.jpg","2026-04-21T09:52:12","372648","외부 전면 간판"
"subway","classified","05-food-drink-menu","subway-0075-3_21.jpg","D:\26년 C드라이브 복사본\26년 개인블로그\내가 찍었던 사진들\써브웨이\3_21.jpg","C:\Users\home\Documents\detailpages\franchise-photo-library\subway\05-food-drink-menu\subway-0075-3_21.jpg","2026-04-21T09:52:29","382758","샌드위치 재료 쇼케이스"
"subway","classified","01-exterior-signage","subway-0076-3_22.jpg","D:\26년 C드라이브 복사본\26년 개인블로그\내가 찍었던 사진들\써브웨이\3_22.jpg","C:\Users\home\Documents\detailpages\franchise-photo-library\subway\01-exterior-signage\subway-0076-3_22.jpg","2026-04-21T09:52:55","345491","외부 전면 간판"
"subway","classified","05-food-drink-menu","subway-0077-3_23.jpg","D:\26년 C드라이브 복사본\26년 개인블로그\내가 찍었던 사진들\써브웨이\3_23.jpg","C:\Users\home\Documents\detailpages\franchise-photo-library\subway\05-food-drink-menu\subway-0077-3_23.jpg","2026-04-21T09:53:08","201996","샌드위치 재료 쇼케이스"
"subway","classified","01-exterior-signage","subway-0078-3_24.jpg","D:\26년 C드라이브 복사본\26년 개인블로그\내가 찍었던 사진들\써브웨이\3_24.jpg","C:\Users\home\Documents\detailpages\franchise-photo-library\subway\01-exterior-signage\subway-0078-3_24.jpg","2026-04-21T09:53:20","207197","외부 간판 디테일"
"subway","classified","02-interior-seating","subway-0079-3_25.jpg","D:\26년 C드라이브 복사본\26년 개인블로그\내가 찍었던 사진들\써브웨이\3_25.jpg","C:\Users\home\Documents\detailpages\franchise-photo-library\subway\02-interior-seating\subway-0079-3_25.jpg","2026-04-21T09:54:14","216828","좌석과 브랜드 월사인"
"subway","classified","02-interior-seating","subway-0080-3_26.jpg","D:\26년 C드라이브 복사본\26년 개인블로그\내가 찍었던 사진들\써브웨이\3_26.jpg","C:\Users\home\Documents\detailpages\franchise-photo-library\subway\02-interior-seating\subway-0080-3_26.jpg","2026-04-21T09:54:33","105236","좌석 공간"
"subway","classified","03-counter-kiosk-order","subway-0081-3_27.jpg","D:\26년 C드라이브 복사본\26년 개인블로그\내가 찍었던 사진들\써브웨이\3_27.jpg","C:\Users\home\Documents\detailpages\franchise-photo-library\subway\03-counter-kiosk-order\subway-0081-3_27.jpg","2026-04-21T09:54:41","174907","키오스크 주문 동선"
"subway","classified","01-exterior-signage","subway-0082-3_28.jpg","D:\26년 C드라이브 복사본\26년 개인블로그\내가 찍었던 사진들\써브웨이\3_28.jpg","C:\Users\home\Documents\detailpages\franchise-photo-library\subway\01-exterior-signage\subway-0082-3_28.jpg","2026-04-21T09:55:10","177291","외부 간판 클로즈업"
"subway","classified","05-food-drink-menu","subway-0083-3_29.jpg","D:\26년 C드라이브 복사본\26년 개인블로그\내가 찍었던 사진들\써브웨이\3_29.jpg","C:\Users\home\Documents\detailpages\franchise-photo-library\subway\05-food-drink-menu\subway-0083-3_29.jpg","2026-04-21T09:55:30","283106","샌드위치 재료 쇼케이스"
"subway","classified","03-counter-kiosk-order","subway-0084-3_3.jpg","D:\26년 C드라이브 복사본\26년 개인블로그\내가 찍었던 사진들\써브웨이\3_3.jpg","C:\Users\home\Documents\detailpages\franchise-photo-library\subway\03-counter-kiosk-order\subway-0084-3_3.jpg","2026-04-21T09:45:42","317940","카운터와 좌석 방향"
"subway","classified","02-interior-seating","subway-0085-3_30.jpg","D:\26년 C드라이브 복사본\26년 개인블로그\내가 찍었던 사진들\써브웨이\3_30.jpg","C:\Users\home\Documents\detailpages\franchise-photo-library\subway\02-interior-seating\subway-0085-3_30.jpg","2026-04-21T09:55:41","165207","좌석과 브랜드 월사인"
"subway","classified","02-interior-seating","subway-0086-3_31.jpg","D:\26년 C드라이브 복사본\26년 개인블로그\내가 찍었던 사진들\써브웨이\3_31.jpg","C:\Users\home\Documents\detailpages\franchise-photo-library\subway\02-interior-seating\subway-0086-3_31.jpg","2026-04-21T09:55:56","159625","좌석과 카운터 방향"
"subway","classified","02-interior-seating","subway-0087-3_32.jpg","D:\26년 C드라이브 복사본\26년 개인블로그\내가 찍었던 사진들\써브웨이\3_32.jpg","C:\Users\home\Documents\detailpages\franchise-photo-library\subway\02-interior-seating\subway-0087-3_32.jpg","2026-04-21T09:56:56","202938","좌석과 카운터 방향"
"subway","classified","03-counter-kiosk-order","subway-0088-3_33.jpg","D:\26년 C드라이브 복사본\26년 개인블로그\내가 찍었던 사진들\써브웨이\3_33.jpg","C:\Users\home\Documents\detailpages\franchise-photo-library\subway\03-counter-kiosk-order\subway-0088-3_33.jpg","2026-04-21T09:57:05","208199","키오스크 주문 동선"
"subway","classified","01-exterior-signage","subway-0089-3_34.jpg","D:\26년 C드라이브 복사본\26년 개인블로그\내가 찍었던 사진들\써브웨이\3_34.jpg","C:\Users\home\Documents\detailpages\franchise-photo-library\subway\01-exterior-signage\subway-0089-3_34.jpg","2026-04-21T09:57:25","281217","외부 전면 간판"
"subway","classified","02-interior-seating","subway-0090-3_35.jpg","D:\26년 C드라이브 복사본\26년 개인블로그\내가 찍었던 사진들\써브웨이\3_35.jpg","C:\Users\home\Documents\detailpages\franchise-photo-library\subway\02-interior-seating\subway-0090-3_35.jpg","2026-04-21T09:57:41","328218","넓은 좌석 공간"
"subway","classified","03-counter-kiosk-order","subway-0091-3_36.jpg","D:\26년 C드라이브 복사본\26년 개인블로그\내가 찍었던 사진들\써브웨이\3_36.jpg","C:\Users\home\Documents\detailpages\franchise-photo-library\subway\03-counter-kiosk-order\subway-0091-3_36.jpg","2026-04-21T09:57:55","265837","카운터와 메뉴보드"
"subway","classified","05-food-drink-menu","subway-0092-3_37.jpg","D:\26년 C드라이브 복사본\26년 개인블로그\내가 찍었던 사진들\써브웨이\3_37.jpg","C:\Users\home\Documents\detailpages\franchise-photo-library\subway\05-food-drink-menu\subway-0092-3_37.jpg","2026-04-21T09:58:12","328448","샌드위치 포장 제품컷"
"subway","classified","03-counter-kiosk-order","subway-0093-3_38.jpg","D:\26년 C드라이브 복사본\26년 개인블로그\내가 찍었던 사진들\써브웨이\3_38.jpg","C:\Users\home\Documents\detailpages\franchise-photo-library\subway\03-counter-kiosk-order\subway-0093-3_38.jpg","2026-04-21T09:58:31","443416","카운터와 메뉴보드"
"subway","classified","02-interior-seating","subway-0094-3_39.jpg","D:\26년 C드라이브 복사본\26년 개인블로그\내가 찍었던 사진들\써브웨이\3_39.jpg","C:\Users\home\Documents\detailpages\franchise-photo-library\subway\02-interior-seating\subway-0094-3_39.jpg","2026-04-21T09:58:48","303279","좌석과 브랜드 월사인"
"subway","classified","03-counter-kiosk-order","subway-0095-3_4.jpg","D:\26년 C드라이브 복사본\26년 개인블로그\내가 찍었던 사진들\써브웨이\3_4.jpg","C:\Users\home\Documents\detailpages\franchise-photo-library\subway\03-counter-kiosk-order\subway-0095-3_4.jpg","2026-04-21T09:45:52","301937","카운터와 진열 동선"
"subway","classified","03-counter-kiosk-order","subway-0096-3_40.jpg","D:\26년 C드라이브 복사본\26년 개인블로그\내가 찍었던 사진들\써브웨이\3_40.jpg","C:\Users\home\Documents\detailpages\franchise-photo-library\subway\03-counter-kiosk-order\subway-0096-3_40.jpg","2026-04-21T09:59:12","389948","카운터와 메뉴보드"
"subway","classified","02-interior-seating","subway-0097-3_41.jpg","D:\26년 C드라이브 복사본\26년 개인블로그\내가 찍었던 사진들\써브웨이\3_41.jpg","C:\Users\home\Documents\detailpages\franchise-photo-library\subway\02-interior-seating\subway-0097-3_41.jpg","2026-04-21T09:59:20","257456","좌석과 브랜드 월사인"
"subway","classified","02-interior-seating","subway-0098-3_42.jpg","D:\26년 C드라이브 복사본\26년 개인블로그\내가 찍었던 사진들\써브웨이\3_42.jpg","C:\Users\home\Documents\detailpages\franchise-photo-library\subway\02-interior-seating\subway-0098-3_42.jpg","2026-04-21T10:00:52","199799","좌석 공간"
"subway","classified","03-counter-kiosk-order","subway-0099-3_43.jpg","D:\26년 C드라이브 복사본\26년 개인블로그\내가 찍었던 사진들\써브웨이\3_43.jpg","C:\Users\home\Documents\detailpages\franchise-photo-library\subway\03-counter-kiosk-order\subway-0099-3_43.jpg","2026-04-21T10:01:43","339993","카운터와 브랜드 월사인"
"subway","classified","02-interior-seating","subway-0100-3_44.jpg","D:\26년 C드라이브 복사본\26년 개인블로그\내가 찍었던 사진들\써브웨이\3_44.jpg","C:\Users\home\Documents\detailpages\franchise-photo-library\subway\02-interior-seating\subway-0100-3_44.jpg","2026-04-21T10:01:58","366151","창가 좌석과 브랜드 월사인"
"subway","classified","02-interior-seating","subway-0101-3_45.jpg","D:\26년 C드라이브 복사본\26년 개인블로그\내가 찍었던 사진들\써브웨이\3_45.jpg","C:\Users\home\Documents\detailpages\franchise-photo-library\subway\02-interior-seating\subway-0101-3_45.jpg","2026-04-21T10:02:18","295005","좌석과 벽면 그래픽"
"subway","classified","05-food-drink-menu","subway-0102-3_46.jpg","D:\26년 C드라이브 복사본\26년 개인블로그\내가 찍었던 사진들\써브웨이\3_46.jpg","C:\Users\home\Documents\detailpages\franchise-photo-library\subway\05-food-drink-menu\subway-0102-3_46.jpg","2026-04-21T10:02:29","464586","제품과 음료 컷"
"subway","classified","02-interior-seating","subway-0103-3_47.jpg","D:\26년 C드라이브 복사본\26년 개인블로그\내가 찍었던 사진들\써브웨이\3_47.jpg","C:\Users\home\Documents\detailpages\franchise-photo-library\subway\02-interior-seating\subway-0103-3_47.jpg","2026-04-21T10:02:50","289206","브랜드 월사인과 좌석"
"subway","classified","03-counter-kiosk-order","subway-0104-3_48.jpg","D:\26년 C드라이브 복사본\26년 개인블로그\내가 찍었던 사진들\써브웨이\3_48.jpg","C:\Users\home\Documents\detailpages\franchise-photo-library\subway\03-counter-kiosk-order\subway-0104-3_48.jpg","2026-04-21T10:02:58","370816","키오스크와 출입구 동선"
"subway","classified","02-interior-seating","subway-0105-3_49.jpg","D:\26년 C드라이브 복사본\26년 개인블로그\내가 찍었던 사진들\써브웨이\3_49.jpg","C:\Users\home\Documents\detailpages\franchise-photo-library\subway\02-interior-seating\subway-0105-3_49.jpg","2026-04-21T10:03:16","208705","좌석과 벽면 문구"
"subway","classified","02-interior-seating","subway-0106-3_5.jpg","D:\26년 C드라이브 복사본\26년 개인블로그\내가 찍었던 사진들\써브웨이\3_5.jpg","C:\Users\home\Documents\detailpages\franchise-photo-library\subway\02-interior-seating\subway-0106-3_5.jpg","2026-04-21T09:46:08","362675","좌석과 카운터 방향"
"subway","classified","05-food-drink-menu","subway-0107-3_50.jpg","D:\26년 C드라이브 복사본\26년 개인블로그\내가 찍었던 사진들\써브웨이\3_50.jpg","C:\Users\home\Documents\detailpages\franchise-photo-library\subway\05-food-drink-menu\subway-0107-3_50.jpg","2026-04-21T10:04:10","211621","쿠키 쇼케이스"
"subway","classified","05-food-drink-menu","subway-0108-3_51.jpg","D:\26년 C드라이브 복사본\26년 개인블로그\내가 찍었던 사진들\써브웨이\3_51.jpg","C:\Users\home\Documents\detailpages\franchise-photo-library\subway\05-food-drink-menu\subway-0108-3_51.jpg","2026-04-21T10:04:23","509777","제품 진열대"
"subway","classified","01-exterior-signage","subway-0109-3_52.jpg","D:\26년 C드라이브 복사본\26년 개인블로그\내가 찍었던 사진들\써브웨이\3_52.jpg","C:\Users\home\Documents\detailpages\franchise-photo-library\subway\01-exterior-signage\subway-0109-3_52.jpg","2026-04-21T10:05:17","213674","외부 간판과 쇼윈도"
"subway","classified","02-interior-seating","subway-0110-3_53.jpg","D:\26년 C드라이브 복사본\26년 개인블로그\내가 찍었던 사진들\써브웨이\3_53.jpg","C:\Users\home\Documents\detailpages\franchise-photo-library\subway\02-interior-seating\subway-0110-3_53.jpg","2026-04-21T10:05:41","309626","좌석과 카운터 방향"
"subway","classified","03-counter-kiosk-order","subway-0111-3_54.jpg","D:\26년 C드라이브 복사본\26년 개인블로그\내가 찍었던 사진들\써브웨이\3_54.jpg","C:\Users\home\Documents\detailpages\franchise-photo-library\subway\03-counter-kiosk-order\subway-0111-3_54.jpg","2026-04-21T10:06:15","387518","카운터와 메뉴보드"
"subway","classified","02-interior-seating","subway-0112-3_55.jpg","D:\26년 C드라이브 복사본\26년 개인블로그\내가 찍었던 사진들\써브웨이\3_55.jpg","C:\Users\home\Documents\detailpages\franchise-photo-library\subway\02-interior-seating\subway-0112-3_55.jpg","2026-04-21T10:06:28","351019","창가 좌석"
"subway","classified","02-interior-seating","subway-0113-3_6.jpg","D:\26년 C드라이브 복사본\26년 개인블로그\내가 찍었던 사진들\써브웨이\3_6.jpg","C:\Users\home\Documents\detailpages\franchise-photo-library\subway\02-interior-seating\subway-0113-3_6.jpg","2026-04-21T09:46:39","310607","출입구 방향 좌석"
"subway","classified","01-exterior-signage","subway-0114-3_7.jpg","D:\26년 C드라이브 복사본\26년 개인블로그\내가 찍었던 사진들\써브웨이\3_7.jpg","C:\Users\home\Documents\detailpages\franchise-photo-library\subway\01-exterior-signage\subway-0114-3_7.jpg","2026-04-21T09:46:51","426387","외부 전면 간판"
"subway","classified","05-food-drink-menu","subway-0115-3_8.jpg","D:\26년 C드라이브 복사본\26년 개인블로그\내가 찍었던 사진들\써브웨이\3_8.jpg","C:\Users\home\Documents\detailpages\franchise-photo-library\subway\05-food-drink-menu\subway-0115-3_8.jpg","2026-04-21T09:47:04","182992","음료와 샌드위치 제품컷"
"subway","classified","03-counter-kiosk-order","subway-0116-3_9.jpg","D:\26년 C드라이브 복사본\26년 개인블로그\내가 찍었던 사진들\써브웨이\3_9.jpg","C:\Users\home\Documents\detailpages\franchise-photo-library\subway\03-counter-kiosk-order\subway-0116-3_9.jpg","2026-04-21T09:47:19","315845","카운터와 메뉴보드"
"subway","classified","03-counter-kiosk-order","subway-0117-4_1.jpg","D:\26년 C드라이브 복사본\26년 개인블로그\내가 찍었던 사진들\써브웨이\4_1.jpg","C:\Users\home\Documents\detailpages\franchise-photo-library\subway\03-counter-kiosk-order\subway-0117-4_1.jpg","2026-04-14T12:02:13","337286","키오스크 주문 동선"
"subway","classified","05-food-drink-menu","subway-0118-4_10.jpg","D:\26년 C드라이브 복사본\26년 개인블로그\내가 찍었던 사진들\써브웨이\4_10.jpg","C:\Users\home\Documents\detailpages\franchise-photo-library\subway\05-food-drink-menu\subway-0118-4_10.jpg","2026-04-14T12:06:11","298964","샌드위치 재료 쇼케이스"
"subway","classified","01-exterior-signage","subway-0119-4_11.jpg","D:\26년 C드라이브 복사본\26년 개인블로그\내가 찍었던 사진들\써브웨이\4_11.jpg","C:\Users\home\Documents\detailpages\franchise-photo-library\subway\01-exterior-signage\subway-0119-4_11.jpg","2026-04-14T12:06:27","369761","외부 전면 간판"
"subway","classified","05-food-drink-menu","subway-0120-4_12.jpg","D:\26년 C드라이브 복사본\26년 개인블로그\내가 찍었던 사진들\써브웨이\4_12.jpg","C:\Users\home\Documents\detailpages\franchise-photo-library\subway\05-food-drink-menu\subway-0120-4_12.jpg","2026-04-14T12:06:39","389753","샌드위치 재료 쇼케이스"
"subway","classified","03-counter-kiosk-order","subway-0121-4_13.jpg","D:\26년 C드라이브 복사본\26년 개인블로그\내가 찍었던 사진들\써브웨이\4_13.jpg","C:\Users\home\Documents\detailpages\franchise-photo-library\subway\03-counter-kiosk-order\subway-0121-4_13.jpg","2026-04-14T12:06:49","363255","카운터와 메뉴보드"
"subway","classified","03-counter-kiosk-order","subway-0122-4_14.jpg","D:\26년 C드라이브 복사본\26년 개인블로그\내가 찍었던 사진들\써브웨이\4_14.jpg","C:\Users\home\Documents\detailpages\franchise-photo-library\subway\03-counter-kiosk-order\subway-0122-4_14.jpg","2026-04-14T12:06:58","344458","카운터와 좌석 방향"
"subway","classified","05-food-drink-menu","subway-0123-4_15.jpg","D:\26년 C드라이브 복사본\26년 개인블로그\내가 찍었던 사진들\써브웨이\4_15.jpg","C:\Users\home\Documents\detailpages\franchise-photo-library\subway\05-food-drink-menu\subway-0123-4_15.jpg","2026-04-14T12:07:28","175056","샌드위치 포장 제품컷"
"subway","classified","02-interior-seating","subway-0124-4_16.jpg","D:\26년 C드라이브 복사본\26년 개인블로그\내가 찍었던 사진들\써브웨이\4_16.jpg","C:\Users\home\Documents\detailpages\franchise-photo-library\subway\02-interior-seating\subway-0124-4_16.jpg","2026-04-14T12:07:42","239383","좌석과 브랜드 월사인"
"subway","classified","03-counter-kiosk-order","subway-0125-4_17.jpg","D:\26년 C드라이브 복사본\26년 개인블로그\내가 찍었던 사진들\써브웨이\4_17.jpg","C:\Users\home\Documents\detailpages\franchise-photo-library\subway\03-counter-kiosk-order\subway-0125-4_17.jpg","2026-04-14T12:08:01","337418","카운터와 쇼케이스"
"subway","classified","01-exterior-signage","subway-0126-4_18.jpg","D:\26년 C드라이브 복사본\26년 개인블로그\내가 찍었던 사진들\써브웨이\4_18.jpg","C:\Users\home\Documents\detailpages\franchise-photo-library\subway\01-exterior-signage\subway-0126-4_18.jpg","2026-04-14T12:08:11","393142","외부 전면 간판"
"subway","classified","05-food-drink-menu","subway-0127-4_19.jpg","D:\26년 C드라이브 복사본\26년 개인블로그\내가 찍었던 사진들\써브웨이\4_19.jpg","C:\Users\home\Documents\detailpages\franchise-photo-library\subway\05-food-drink-menu\subway-0127-4_19.jpg","2026-04-14T12:08:23","411531","샌드위치 재료 쇼케이스"
"subway","classified","02-interior-seating","subway-0128-4_2.jpg","D:\26년 C드라이브 복사본\26년 개인블로그\내가 찍었던 사진들\써브웨이\4_2.jpg","C:\Users\home\Documents\detailpages\franchise-photo-library\subway\02-interior-seating\subway-0128-4_2.jpg","2026-04-14T12:02:27","259572","좌석 공간"
"subway","classified","02-interior-seating","subway-0129-4_20.jpg","D:\26년 C드라이브 복사본\26년 개인블로그\내가 찍었던 사진들\써브웨이\4_20.jpg","C:\Users\home\Documents\detailpages\franchise-photo-library\subway\02-interior-seating\subway-0129-4_20.jpg","2026-04-14T12:08:54","279231","좌석과 브랜드 그래픽"
"subway","classified","06-menu-promotion","subway-0130-4_21.jpg","D:\26년 C드라이브 복사본\26년 개인블로그\내가 찍었던 사진들\써브웨이\4_21.jpg","C:\Users\home\Documents\detailpages\franchise-photo-library\subway\06-menu-promotion\subway-0130-4_21.jpg","2026-04-14T12:10:23","234735","앱 주문 프로모션 이미지"
"subway","classified","01-exterior-signage","subway-0131-4_22.jpg","D:\26년 C드라이브 복사본\26년 개인블로그\내가 찍었던 사진들\써브웨이\4_22.jpg","C:\Users\home\Documents\detailpages\franchise-photo-library\subway\01-exterior-signage\subway-0131-4_22.jpg","2026-04-14T12:11:32","414251","외부 전면 간판"
"subway","classified","02-interior-seating","subway-0132-4_3.jpg","D:\26년 C드라이브 복사본\26년 개인블로그\내가 찍었던 사진들\써브웨이\4_3.jpg","C:\Users\home\Documents\detailpages\franchise-photo-library\subway\02-interior-seating\subway-0132-4_3.jpg","2026-04-14T12:02:35","287399","좌석 공간"
"subway","classified","02-interior-seating","subway-0133-4_4.jpg","D:\26년 C드라이브 복사본\26년 개인블로그\내가 찍었던 사진들\써브웨이\4_4.jpg","C:\Users\home\Documents\detailpages\franchise-photo-library\subway\02-interior-seating\subway-0133-4_4.jpg","2026-04-14T12:03:56","353950","창가 좌석"
"subway","classified","02-interior-seating","subway-0134-4_5.jpg","D:\26년 C드라이브 복사본\26년 개인블로그\내가 찍었던 사진들\써브웨이\4_5.jpg","C:\Users\home\Documents\detailpages\franchise-photo-library\subway\02-interior-seating\subway-0134-4_5.jpg","2026-04-14T12:04:25","251119","브랜드 월사인과 쇼케이스"
"subway","classified","05-food-drink-menu","subway-0135-4_6.jpg","D:\26년 C드라이브 복사본\26년 개인블로그\내가 찍었던 사진들\써브웨이\4_6.jpg","C:\Users\home\Documents\detailpages\franchise-photo-library\subway\05-food-drink-menu\subway-0135-4_6.jpg","2026-04-14T12:04:44","285323","샌드위치 제품컷"
"subway","classified","02-interior-seating","subway-0136-4_7.jpg","D:\26년 C드라이브 복사본\26년 개인블로그\내가 찍었던 사진들\써브웨이\4_7.jpg","C:\Users\home\Documents\detailpages\franchise-photo-library\subway\02-interior-seating\subway-0136-4_7.jpg","2026-04-14T12:04:55","327768","좌석과 브랜드 월사인"
"subway","classified","01-exterior-signage","subway-0137-4_8.jpg","D:\26년 C드라이브 복사본\26년 개인블로그\내가 찍었던 사진들\써브웨이\4_8.jpg","C:\Users\home\Documents\detailpages\franchise-photo-library\subway\01-exterior-signage\subway-0137-4_8.jpg","2026-04-14T12:05:44","227745","외부 야간 간판"
"subway","classified","02-interior-seating","subway-0138-4_9.jpg","D:\26년 C드라이브 복사본\26년 개인블로그\내가 찍었던 사진들\써브웨이\4_9.jpg","C:\Users\home\Documents\detailpages\franchise-photo-library\subway\02-interior-seating\subway-0138-4_9.jpg","2026-04-14T12:05:58","287286","좌석 공간"
"subway","classified","03-counter-kiosk-order","subway-0139-5_1.jpg","D:\26년 C드라이브 복사본\26년 개인블로그\내가 찍었던 사진들\써브웨이\5_1.jpg","C:\Users\home\Documents\detailpages\franchise-photo-library\subway\03-counter-kiosk-order\subway-0139-5_1.jpg","2026-04-24T16:25:52","191902","키오스크와 주문 동선"
"subway","classified","02-interior-seating","subway-0140-5_2.jpg","D:\26년 C드라이브 복사본\26년 개인블로그\내가 찍었던 사진들\써브웨이\5_2.jpg","C:\Users\home\Documents\detailpages\franchise-photo-library\subway\02-interior-seating\subway-0140-5_2.jpg","2026-04-24T16:26:00","218882","브랜드 네온사인과 좌석"
"subway","classified","02-interior-seating","subway-0141-5_3.jpg","D:\26년 C드라이브 복사본\26년 개인블로그\내가 찍었던 사진들\써브웨이\5_3.jpg","C:\Users\home\Documents\detailpages\franchise-photo-library\subway\02-interior-seating\subway-0141-5_3.jpg","2026-04-24T16:26:25","190066","부스형 좌석"
"subway","classified","03-counter-kiosk-order","subway-0142-5월_1.jpeg","D:\26년 C드라이브 복사본\26년 개인블로그\내가 찍었던 사진들\써브웨이\5월_1.jpeg","C:\Users\home\Documents\detailpages\franchise-photo-library\subway\03-counter-kiosk-order\subway-0142-5월_1.jpeg","2026-05-11T14:54:39","159542","키오스크 주문 동선"
"subway","classified","05-food-drink-menu","subway-0143-5월_10.jpeg","D:\26년 C드라이브 복사본\26년 개인블로그\내가 찍었던 사진들\써브웨이\5월_10.jpeg","C:\Users\home\Documents\detailpages\franchise-photo-library\subway\05-food-drink-menu\subway-0143-5월_10.jpeg","2026-06-01T09:53:47","246888","샌드위치 재료 쇼케이스"
"subway","classified","05-food-drink-menu","subway-0144-5월_11.jpeg","D:\26년 C드라이브 복사본\26년 개인블로그\내가 찍었던 사진들\써브웨이\5월_11.jpeg","C:\Users\home\Documents\detailpages\franchise-photo-library\subway\05-food-drink-menu\subway-0144-5월_11.jpeg","2026-06-01T09:54:03","242697","샌드위치 재료 쇼케이스"
"subway","classified","02-interior-seating","subway-0145-5월_12.jpeg","D:\26년 C드라이브 복사본\26년 개인블로그\내가 찍었던 사진들\써브웨이\5월_12.jpeg","C:\Users\home\Documents\detailpages\franchise-photo-library\subway\02-interior-seating\subway-0145-5월_12.jpeg","2026-06-01T09:54:16","264925","좌석과 벽면 그래픽"
"subway","classified","03-counter-kiosk-order","subway-0146-5월_13.jpeg","D:\26년 C드라이브 복사본\26년 개인블로그\내가 찍었던 사진들\써브웨이\5월_13.jpeg","C:\Users\home\Documents\detailpages\franchise-photo-library\subway\03-counter-kiosk-order\subway-0146-5월_13.jpeg","2026-06-01T09:54:26","425550","카운터와 메뉴보드"
"subway","classified","02-interior-seating","subway-0147-5월_14.jpeg","D:\26년 C드라이브 복사본\26년 개인블로그\내가 찍었던 사진들\써브웨이\5월_14.jpeg","C:\Users\home\Documents\detailpages\franchise-photo-library\subway\02-interior-seating\subway-0147-5월_14.jpeg","2026-06-01T09:54:34","233407","좌석과 브랜드 월사인"
"subway","classified","01-exterior-signage","subway-0148-5월_15.jpeg","D:\26년 C드라이브 복사본\26년 개인블로그\내가 찍었던 사진들\써브웨이\5월_15.jpeg","C:\Users\home\Documents\detailpages\franchise-photo-library\subway\01-exterior-signage\subway-0148-5월_15.jpeg","2026-06-01T09:54:55","425640","외부 전면 간판"
"subway","classified","03-counter-kiosk-order","subway-0149-5월_16.jpeg","D:\26년 C드라이브 복사본\26년 개인블로그\내가 찍었던 사진들\써브웨이\5월_16.jpeg","C:\Users\home\Documents\detailpages\franchise-photo-library\subway\03-counter-kiosk-order\subway-0149-5월_16.jpeg","2026-06-01T09:55:04","278300","키오스크 주문 동선"
"subway","classified","02-interior-seating","subway-0150-5월_17.jpeg","D:\26년 C드라이브 복사본\26년 개인블로그\내가 찍었던 사진들\써브웨이\5월_17.jpeg","C:\Users\home\Documents\detailpages\franchise-photo-library\subway\02-interior-seating\subway-0150-5월_17.jpeg","2026-06-01T09:55:47","252918","좌석 공간"
"subway","classified","03-counter-kiosk-order","subway-0151-5월_18.jpeg","D:\26년 C드라이브 복사본\26년 개인블로그\내가 찍었던 사진들\써브웨이\5월_18.jpeg","C:\Users\home\Documents\detailpages\franchise-photo-library\subway\03-counter-kiosk-order\subway-0151-5월_18.jpeg","2026-06-01T09:55:54","172956","키오스크와 좌석 동선"
"subway","classified","03-counter-kiosk-order","subway-0152-5월_19.jpeg","D:\26년 C드라이브 복사본\26년 개인블로그\내가 찍었던 사진들\써브웨이\5월_19.jpeg","C:\Users\home\Documents\detailpages\franchise-photo-library\subway\03-counter-kiosk-order\subway-0152-5월_19.jpeg","2026-06-01T09:56:03","221990","키오스크와 좌석 동선"
"subway","classified","03-counter-kiosk-order","subway-0153-5월_2.png","D:\26년 C드라이브 복사본\26년 개인블로그\내가 찍었던 사진들\써브웨이\5월_2.png","C:\Users\home\Documents\detailpages\franchise-photo-library\subway\03-counter-kiosk-order\subway-0153-5월_2.png","2026-05-11T14:55:07","1624402","키오스크 주문 동선"
"subway","classified","03-counter-kiosk-order","subway-0154-5월_20.jpeg","D:\26년 C드라이브 복사본\26년 개인블로그\내가 찍었던 사진들\써브웨이\5월_20.jpeg","C:\Users\home\Documents\detailpages\franchise-photo-library\subway\03-counter-kiosk-order\subway-0154-5월_20.jpeg","2026-06-01T09:56:20","344834","음료 디스펜서와 운영 동선"
"subway","classified","02-interior-seating","subway-0155-5월_21.jpeg","D:\26년 C드라이브 복사본\26년 개인블로그\내가 찍었던 사진들\써브웨이\5월_21.jpeg","C:\Users\home\Documents\detailpages\franchise-photo-library\subway\02-interior-seating\subway-0155-5월_21.jpeg","2026-06-01T09:56:58","304670","좌석과 음료 코너"
"subway","classified","01-exterior-signage","subway-0156-5월_22.jpeg","D:\26년 C드라이브 복사본\26년 개인블로그\내가 찍었던 사진들\써브웨이\5월_22.jpeg","C:\Users\home\Documents\detailpages\franchise-photo-library\subway\01-exterior-signage\subway-0156-5월_22.jpeg","2026-06-01T09:57:11","479419","외부 전면 간판"
"subway","classified","03-counter-kiosk-order","subway-0157-5월_23.jpeg","D:\26년 C드라이브 복사본\26년 개인블로그\내가 찍었던 사진들\써브웨이\5월_23.jpeg","C:\Users\home\Documents\detailpages\franchise-photo-library\subway\03-counter-kiosk-order\subway-0157-5월_23.jpeg","2026-06-01T09:57:25","336978","음료 디스펜서"
"subway","classified","03-counter-kiosk-order","subway-0158-5월_24.jpeg","D:\26년 C드라이브 복사본\26년 개인블로그\내가 찍었던 사진들\써브웨이\5월_24.jpeg","C:\Users\home\Documents\detailpages\franchise-photo-library\subway\03-counter-kiosk-order\subway-0158-5월_24.jpeg","2026-06-01T09:57:35","280405","음료 디스펜서와 냉장고"
"subway","classified","02-interior-seating","subway-0159-5월_25.jpeg","D:\26년 C드라이브 복사본\26년 개인블로그\내가 찍었던 사진들\써브웨이\5월_25.jpeg","C:\Users\home\Documents\detailpages\franchise-photo-library\subway\02-interior-seating\subway-0159-5월_25.jpeg","2026-06-01T09:57:45","333737","창가 좌석과 쇼케이스"
"subway","classified","03-counter-kiosk-order","subway-0160-5월_26.jpeg","D:\26년 C드라이브 복사본\26년 개인블로그\내가 찍었던 사진들\써브웨이\5월_26.jpeg","C:\Users\home\Documents\detailpages\franchise-photo-library\subway\03-counter-kiosk-order\subway-0160-5월_26.jpeg","2026-06-01T09:57:54","351226","카운터와 음료 코너"
"subway","classified","05-food-drink-menu","subway-0161-5월_27.jpeg","D:\26년 C드라이브 복사본\26년 개인블로그\내가 찍었던 사진들\써브웨이\5월_27.jpeg","C:\Users\home\Documents\detailpages\franchise-photo-library\subway\05-food-drink-menu\subway-0161-5월_27.jpeg","2026-06-01T09:58:38","375939","제품 진열대"
"subway","classified","05-food-drink-menu","subway-0162-5월_28.jpeg","D:\26년 C드라이브 복사본\26년 개인블로그\내가 찍었던 사진들\써브웨이\5월_28.jpeg","C:\Users\home\Documents\detailpages\franchise-photo-library\subway\05-food-drink-menu\subway-0162-5월_28.jpeg","2026-06-01T09:58:51","325691","샐러드 제품컷"
"subway","classified","02-interior-seating","subway-0163-5월_29.jpeg","D:\26년 C드라이브 복사본\26년 개인블로그\내가 찍었던 사진들\써브웨이\5월_29.jpeg","C:\Users\home\Documents\detailpages\franchise-photo-library\subway\02-interior-seating\subway-0163-5월_29.jpeg","2026-06-01T09:58:59","250099","좌석 공간"
"subway","classified","01-exterior-signage","subway-0164-5월_3.jpeg","D:\26년 C드라이브 복사본\26년 개인블로그\내가 찍었던 사진들\써브웨이\5월_3.jpeg","C:\Users\home\Documents\detailpages\franchise-photo-library\subway\01-exterior-signage\subway-0164-5월_3.jpeg","2026-05-11T14:55:29","313787","외부 전면 간판"
"subway","classified","05-food-drink-menu","subway-0165-5월_30.jpeg","D:\26년 C드라이브 복사본\26년 개인블로그\내가 찍었던 사진들\써브웨이\5월_30.jpeg","C:\Users\home\Documents\detailpages\franchise-photo-library\subway\05-food-drink-menu\subway-0165-5월_30.jpeg","2026-06-01T09:59:12","530624","샌드위치 재료 쇼케이스"
"subway","classified","03-counter-kiosk-order","subway-0166-5월_31.jpeg","D:\26년 C드라이브 복사본\26년 개인블로그\내가 찍었던 사진들\써브웨이\5월_31.jpeg","C:\Users\home\Documents\detailpages\franchise-photo-library\subway\03-counter-kiosk-order\subway-0166-5월_31.jpeg","2026-06-01T09:59:24","418244","음료 냉장고와 디스펜서"
"subway","classified","02-interior-seating","subway-0167-5월_32.jpeg","D:\26년 C드라이브 복사본\26년 개인블로그\내가 찍었던 사진들\써브웨이\5월_32.jpeg","C:\Users\home\Documents\detailpages\franchise-photo-library\subway\02-interior-seating\subway-0167-5월_32.jpeg","2026-06-01T10:00:23","486771","좌석 공간"
"subway","classified","02-interior-seating","subway-0168-5월_33.jpeg","D:\26년 C드라이브 복사본\26년 개인블로그\내가 찍었던 사진들\써브웨이\5월_33.jpeg","C:\Users\home\Documents\detailpages\franchise-photo-library\subway\02-interior-seating\subway-0168-5월_33.jpeg","2026-06-01T10:01:29","261922","좌석과 브랜드 월사인"
"subway","classified","03-counter-kiosk-order","subway-0169-5월_34.jpeg","D:\26년 C드라이브 복사본\26년 개인블로그\내가 찍었던 사진들\써브웨이\5월_34.jpeg","C:\Users\home\Documents\detailpages\franchise-photo-library\subway\03-counter-kiosk-order\subway-0169-5월_34.jpeg","2026-06-01T10:01:38","256244","카운터와 메뉴보드"
"subway","classified","03-counter-kiosk-order","subway-0170-5월_35.jpeg","D:\26년 C드라이브 복사본\26년 개인블로그\내가 찍었던 사진들\써브웨이\5월_35.jpeg","C:\Users\home\Documents\detailpages\franchise-photo-library\subway\03-counter-kiosk-order\subway-0170-5월_35.jpeg","2026-06-01T10:02:25","321304","키오스크 주문 동선"
"subway","classified","02-interior-seating","subway-0171-5월_36.jpeg","D:\26년 C드라이브 복사본\26년 개인블로그\내가 찍었던 사진들\써브웨이\5월_36.jpeg","C:\Users\home\Documents\detailpages\franchise-photo-library\subway\02-interior-seating\subway-0171-5월_36.jpeg","2026-06-01T10:02:40","263320","좌석과 브랜드 월사인"
"subway","classified","06-menu-promotion","subway-0172-5월_37.jpeg","D:\26년 C드라이브 복사본\26년 개인블로그\내가 찍었던 사진들\써브웨이\5월_37.jpeg","C:\Users\home\Documents\detailpages\franchise-photo-library\subway\06-menu-promotion\subway-0172-5월_37.jpeg","2026-06-01T10:02:51","248205","메뉴 안내판과 주문 동선"
"subway","classified","02-interior-seating","subway-0173-5월_38.jpeg","D:\26년 C드라이브 복사본\26년 개인블로그\내가 찍었던 사진들\써브웨이\5월_38.jpeg","C:\Users\home\Documents\detailpages\franchise-photo-library\subway\02-interior-seating\subway-0173-5월_38.jpeg","2026-06-01T10:03:37","262680","좌석과 벽면 문구"
"subway","classified","02-interior-seating","subway-0174-5월_39.jpeg","D:\26년 C드라이브 복사본\26년 개인블로그\내가 찍었던 사진들\써브웨이\5월_39.jpeg","C:\Users\home\Documents\detailpages\franchise-photo-library\subway\02-interior-seating\subway-0174-5월_39.jpeg","2026-06-01T10:03:49","418839","좌석과 브랜드 컬러 벽면"
"subway","classified","02-interior-seating","subway-0175-5월_4.jpeg","D:\26년 C드라이브 복사본\26년 개인블로그\내가 찍었던 사진들\써브웨이\5월_4.jpeg","C:\Users\home\Documents\detailpages\franchise-photo-library\subway\02-interior-seating\subway-0175-5월_4.jpeg","2026-05-11T14:55:58","264166","브랜드 네온사인과 좌석"
"subway","classified","05-food-drink-menu","subway-0176-5월_40.jpeg","D:\26년 C드라이브 복사본\26년 개인블로그\내가 찍었던 사진들\써브웨이\5월_40.jpeg","C:\Users\home\Documents\detailpages\franchise-photo-library\subway\05-food-drink-menu\subway-0176-5월_40.jpeg","2026-06-01T10:04:27","518733","샌드위치 재료 쇼케이스"
"subway","classified","05-food-drink-menu","subway-0177-5월_41.jpeg","D:\26년 C드라이브 복사본\26년 개인블로그\내가 찍었던 사진들\써브웨이\5월_41.jpeg","C:\Users\home\Documents\detailpages\franchise-photo-library\subway\05-food-drink-menu\subway-0177-5월_41.jpeg","2026-06-01T10:04:45","386377","샌드위치 재료 쇼케이스"
"subway","classified","02-interior-seating","subway-0178-5월_42.jpeg","D:\26년 C드라이브 복사본\26년 개인블로그\내가 찍었던 사진들\써브웨이\5월_42.jpeg","C:\Users\home\Documents\detailpages\franchise-photo-library\subway\02-interior-seating\subway-0178-5월_42.jpeg","2026-06-01T10:04:54","319864","좌석과 벽면 문구"
"subway","classified","05-food-drink-menu","subway-0179-5월_43.jpeg","D:\26년 C드라이브 복사본\26년 개인블로그\내가 찍었던 사진들\써브웨이\5월_43.jpeg","C:\Users\home\Documents\detailpages\franchise-photo-library\subway\05-food-drink-menu\subway-0179-5월_43.jpeg","2026-06-01T10:05:10","277264","샌드위치 제품컷"
"subway","classified","02-interior-seating","subway-0180-5월_44.jpeg","D:\26년 C드라이브 복사본\26년 개인블로그\내가 찍었던 사진들\써브웨이\5월_44.jpeg","C:\Users\home\Documents\detailpages\franchise-photo-library\subway\02-interior-seating\subway-0180-5월_44.jpeg","2026-06-01T10:05:45","254673","창가 좌석"
"subway","classified","05-food-drink-menu","subway-0181-5월_45.jpeg","D:\26년 C드라이브 복사본\26년 개인블로그\내가 찍었던 사진들\써브웨이\5월_45.jpeg","C:\Users\home\Documents\detailpages\franchise-photo-library\subway\05-food-drink-menu\subway-0181-5월_45.jpeg","2026-06-01T10:06:03","284736","쇼케이스와 메뉴보드"
"subway","classified","05-food-drink-menu","subway-0182-5월_46.jpeg","D:\26년 C드라이브 복사본\26년 개인블로그\내가 찍었던 사진들\써브웨이\5월_46.jpeg","C:\Users\home\Documents\detailpages\franchise-photo-library\subway\05-food-drink-menu\subway-0182-5월_46.jpeg","2026-06-01T10:06:28","390594","샌드위치 재료 쇼케이스"
"subway","classified","02-interior-seating","subway-0183-5월_5.jpeg","D:\26년 C드라이브 복사본\26년 개인블로그\내가 찍었던 사진들\써브웨이\5월_5.jpeg","C:\Users\home\Documents\detailpages\franchise-photo-library\subway\02-interior-seating\subway-0183-5월_5.jpeg","2026-05-29T15:25:36","313768","좌석과 브랜드 월사인"
"subway","classified","05-food-drink-menu","subway-0184-5월_6.jpeg","D:\26년 C드라이브 복사본\26년 개인블로그\내가 찍었던 사진들\써브웨이\5월_6.jpeg","C:\Users\home\Documents\detailpages\franchise-photo-library\subway\05-food-drink-menu\subway-0184-5월_6.jpeg","2026-06-01T09:52:40","308182","샌드위치 제품컷"
"subway","classified","05-food-drink-menu","subway-0185-5월_7.jpeg","D:\26년 C드라이브 복사본\26년 개인블로그\내가 찍었던 사진들\써브웨이\5월_7.jpeg","C:\Users\home\Documents\detailpages\franchise-photo-library\subway\05-food-drink-menu\subway-0185-5월_7.jpeg","2026-06-01T09:52:51","217159","샌드위치 제품컷"
"subway","classified","03-counter-kiosk-order","subway-0186-5월_8.jpeg","D:\26년 C드라이브 복사본\26년 개인블로그\내가 찍었던 사진들\써브웨이\5월_8.jpeg","C:\Users\home\Documents\detailpages\franchise-photo-library\subway\03-counter-kiosk-order\subway-0186-5월_8.jpeg","2026-06-01T09:53:15","249496","키오스크 주문 동선"
"subway","classified","03-counter-kiosk-order","subway-0187-5월_9.jpeg","D:\26년 C드라이브 복사본\26년 개인블로그\내가 찍었던 사진들\써브웨이\5월_9.jpeg","C:\Users\home\Documents\detailpages\franchise-photo-library\subway\03-counter-kiosk-order\subway-0187-5월_9.jpeg","2026-06-01T09:53:33","267274","음료 냉장고와 디스펜서"
"subway","classified","01-exterior-signage","subway-0188-KakaoTalk_20260407_125346057_07.jpg","D:\26년 C드라이브 복사본\26년 개인블로그\내가 찍었던 사진들\써브웨이\KakaoTalk_20260407_125346057_07.jpg","C:\Users\home\Documents\detailpages\franchise-photo-library\subway\01-exterior-signage\subway-0188-KakaoTalk_20260407_125346057_07.jpg","2026-04-07T12:57:25","4933941","외부 야간 전면 간판"
"subway","classified","02-interior-seating","subway-0189-KakaoTalk_20260407_125346057_08.jpg","D:\26년 C드라이브 복사본\26년 개인블로그\내가 찍었던 사진들\써브웨이\KakaoTalk_20260407_125346057_08.jpg","C:\Users\home\Documents\detailpages\franchise-photo-library\subway\02-interior-seating\subway-0189-KakaoTalk_20260407_125346057_08.jpg","2026-04-07T12:57:26","3657172","넓은 좌석과 카운터 방향; 사람 있음"
"subway","classified","02-interior-seating","subway-0190-KakaoTalk_20260407_125346057_09.jpg","D:\26년 C드라이브 복사본\26년 개인블로그\내가 찍었던 사진들\써브웨이\KakaoTalk_20260407_125346057_09.jpg","C:\Users\home\Documents\detailpages\franchise-photo-library\subway\02-interior-seating\subway-0190-KakaoTalk_20260407_125346057_09.jpg","2026-04-07T12:57:27","3607457","넓은 좌석과 카운터 방향; 사람 있음"
"subway","classified","02-interior-seating","subway-0191-KakaoTalk_20260407_125346057_10.jpg","D:\26년 C드라이브 복사본\26년 개인블로그\내가 찍었던 사진들\써브웨이\KakaoTalk_20260407_125346057_10.jpg","C:\Users\home\Documents\detailpages\franchise-photo-library\subway\02-interior-seating\subway-0191-KakaoTalk_20260407_125346057_10.jpg","2026-04-07T12:57:28","3334899","카운터와 좌석 동선; 사람 있음"
"subway","classified","01-exterior-signage","subway-0192-KakaoTalk_20260407_125346057_11.jpg","D:\26년 C드라이브 복사본\26년 개인블로그\내가 찍었던 사진들\써브웨이\KakaoTalk_20260407_125346057_11.jpg","C:\Users\home\Documents\detailpages\franchise-photo-library\subway\01-exterior-signage\subway-0192-KakaoTalk_20260407_125346057_11.jpg","2026-04-07T12:57:30","5768247","외부 야간 전면 간판"
"subway","classified","02-interior-seating","subway-0193-KakaoTalk_20260407_125346057_12.jpg","D:\26년 C드라이브 복사본\26년 개인블로그\내가 찍었던 사진들\써브웨이\KakaoTalk_20260407_125346057_12.jpg","C:\Users\home\Documents\detailpages\franchise-photo-library\subway\02-interior-seating\subway-0193-KakaoTalk_20260407_125346057_12.jpg","2026-04-07T12:57:30","3290839","좌석과 카운터 방향; 사람 있음"
"subway","classified","03-counter-kiosk-order","subway-0194-최근1.jpg","D:\26년 C드라이브 복사본\26년 개인블로그\내가 찍었던 사진들\써브웨이\최근1.jpg","C:\Users\home\Documents\detailpages\franchise-photo-library\subway\03-counter-kiosk-order\subway-0194-최근1.jpg","2026-04-09T08:47:18","175209","카운터와 메뉴보드"
"subway","classified","03-counter-kiosk-order","subway-0195-최근2.jpg","D:\26년 C드라이브 복사본\26년 개인블로그\내가 찍었던 사진들\써브웨이\최근2.jpg","C:\Users\home\Documents\detailpages\franchise-photo-library\subway\03-counter-kiosk-order\subway-0195-최근2.jpg","2026-04-09T08:47:40","302221","키오스크 주문 동선"
"subway","classified","09-caution-unusable","subway-0196-최근3.jpg","D:\26년 C드라이브 복사본\26년 개인블로그\내가 찍었던 사진들\써브웨이\최근3.jpg","C:\Users\home\Documents\detailpages\franchise-photo-library\subway\09-caution-unusable\subway-0196-최근3.jpg","2026-04-09T08:48:02","198441","인물 홍보물이 크게 노출됨"
"subway","classified","02-interior-seating","subway-0197-최근4.jpg","D:\26년 C드라이브 복사본\26년 개인블로그\내가 찍었던 사진들\써브웨이\최근4.jpg","C:\Users\home\Documents\detailpages\franchise-photo-library\subway\02-interior-seating\subway-0197-최근4.jpg","2026-04-09T08:48:11","261079","넓은 좌석 공간"
"subway","classified","02-interior-seating","subway-0198-최근5.jpg","D:\26년 C드라이브 복사본\26년 개인블로그\내가 찍었던 사진들\써브웨이\최근5.jpg","C:\Users\home\Documents\detailpages\franchise-photo-library\subway\02-interior-seating\subway-0198-최근5.jpg","2026-04-09T08:51:13","196317","브랜드 월사인"
"subway","classified","05-food-drink-menu","subway-0199-최근6.jpg","D:\26년 C드라이브 복사본\26년 개인블로그\내가 찍었던 사진들\써브웨이\최근6.jpg","C:\Users\home\Documents\detailpages\franchise-photo-library\subway\05-food-drink-menu\subway-0199-최근6.jpg","2026-04-09T08:51:34","281663","샌드위치 재료 쇼케이스"
