"brand","category","ready_file","source_copy","original_source","status","notes"
"03_lotteria","05_food_drink_menu","C:\Users\home\Documents\detailpages\franchise-photo-library\_ready-for-detail-page\03_lotteria\05_food_drink_menu\03_lotteria_05_food_drink_menu_001.jpg","C:\Users\home\Documents\detailpages\franchise-photo-library\lotteria\08-reference-uncategorized\lotteria-0001-1_1.jpg","D:\26년 C드라이브 복사본\26년 개인블로그\내가 찍었던 사진들\롯데리아\1_1.jpg","classified","버거 제품컷"
"03_lotteria","02_interior_seating","C:\Users\home\Documents\detailpages\franchise-photo-library\_ready-for-detail-page\03_lotteria\02_interior_seating\03_lotteria_02_interior_seating_001.jpg","C:\Users\home\Documents\detailpages\franchise-photo-library\lotteria\08-reference-uncategorized\lotteria-0002-1_10.jpg","D:\26년 C드라이브 복사본\26년 개인블로그\내가 찍었던 사진들\롯데리아\1_10.jpg","classified","창가 좌석"
"03_lotteria","03_counter_kiosk_order","C:\Users\home\Documents\detailpages\franchise-photo-library\_ready-for-detail-page\03_lotteria\03_counter_kiosk_order\03_lotteria_03_counter_kiosk_order_001.jpg","C:\Users\home\Documents\detailpages\franchise-photo-library\lotteria\08-reference-uncategorized\lotteria-0003-1_11.jpg","D:\26년 C드라이브 복사본\26년 개인블로그\내가 찍었던 사진들\롯데리아\1_11.jpg","classified","카운터와 메뉴보드"
"03_lotteria","05_food_drink_menu","C:\Users\home\Documents\detailpages\franchise-photo-library\_ready-for-detail-page\03_lotteria\05_food_drink_menu\03_lotteria_05_food_drink_menu_002.jpg","C:\Users\home\Documents\detailpages\franchise-photo-library\lotteria\08-reference-uncategorized\lotteria-0004-1_12.jpg","D:\26년 C드라이브 복사본\26년 개인블로그\내가 찍었던 사진들\롯데리아\1_12.jpg","classified","버거 세트 제품컷"
"03_lotteria","03_counter_kiosk_order","C:\Users\home\Documents\detailpages\franchise-photo-library\_ready-for-detail-page\03_lotteria\03_counter_kiosk_order\03_lotteria_03_counter_kiosk_order_002.jpg","C:\Users\home\Documents\detailpages\franchise-photo-library\lotteria\08-reference-uncategorized\lotteria-0005-1_13.jpg","D:\26년 C드라이브 복사본\26년 개인블로그\내가 찍었던 사진들\롯데리아\1_13.jpg","classified","카운터와 주문 동선"
"03_lotteria","03_counter_kiosk_order","C:\Users\home\Documents\detailpages\franchise-photo-library\_ready-for-detail-page\03_lotteria\03_counter_kiosk_order\03_lotteria_03_counter_kiosk_order_003.jpg","C:\Users\home\Documents\detailpages\franchise-photo-library\lotteria\08-reference-uncategorized\lotteria-0006-1_14.jpg","D:\26년 C드라이브 복사본\26년 개인블로그\내가 찍었던 사진들\롯데리아\1_14.jpg","classified","키오스크 주문 동선"
"03_lotteria","02_interior_seating","C:\Users\home\Documents\detailpages\franchise-photo-library\_ready-for-detail-page\03_lotteria\02_interior_seating\03_lotteria_02_interior_seating_002.jpg","C:\Users\home\Documents\detailpages\franchise-photo-library\lotteria\08-reference-uncategorized\lotteria-0007-1_15.jpg","D:\26년 C드라이브 복사본\26년 개인블로그\내가 찍었던 사진들\롯데리아\1_15.jpg","classified","좌석과 카운터 방향"
"03_lotteria","02_interior_seating","C:\Users\home\Documents\detailpages\franchise-photo-library\_ready-for-detail-page\03_lotteria\02_interior_seating\03_lotteria_02_interior_seating_003.jpg","C:\Users\home\Documents\detailpages\franchise-photo-library\lotteria\08-reference-uncategorized\lotteria-0008-1_16.jpg","D:\26년 C드라이브 복사본\26년 개인블로그\내가 찍었던 사진들\롯데리아\1_16.jpg","classified","창가 좌석과 프로모션"
"03_lotteria","03_counter_kiosk_order","C:\Users\home\Documents\detailpages\franchise-photo-library\_ready-for-detail-page\03_lotteria\03_counter_kiosk_order\03_lotteria_03_counter_kiosk_order_004.jpg","C:\Users\home\Documents\detailpages\franchise-photo-library\lotteria\08-reference-uncategorized\lotteria-0009-1_17.jpg","D:\26년 C드라이브 복사본\26년 개인블로그\내가 찍었던 사진들\롯데리아\1_17.jpg","classified","키오스크 주문 동선"
"03_lotteria","02_interior_seating","C:\Users\home\Documents\detailpages\franchise-photo-library\_ready-for-detail-page\03_lotteria\02_interior_seating\03_lotteria_02_interior_seating_004.jpg","C:\Users\home\Documents\detailpages\franchise-photo-library\lotteria\08-reference-uncategorized\lotteria-0010-1_18.jpg","D:\26년 C드라이브 복사본\26년 개인블로그\내가 찍었던 사진들\롯데리아\1_18.jpg","classified","좌석 공간"
"03_lotteria","03_counter_kiosk_order","C:\Users\home\Documents\detailpages\franchise-photo-library\_ready-for-detail-page\03_lotteria\03_counter_kiosk_order\03_lotteria_03_counter_kiosk_order_005.jpg","C:\Users\home\Documents\detailpages\franchise-photo-library\lotteria\08-reference-uncategorized\lotteria-0011-1_19.jpg","D:\26년 C드라이브 복사본\26년 개인블로그\내가 찍었던 사진들\롯데리아\1_19.jpg","classified","키오스크와 매장 내부"
"03_lotteria","03_counter_kiosk_order","C:\Users\home\Documents\detailpages\franchise-photo-library\_ready-for-detail-page\03_lotteria\03_counter_kiosk_order\03_lotteria_03_counter_kiosk_order_006.jpg","C:\Users\home\Documents\detailpages\franchise-photo-library\lotteria\08-reference-uncategorized\lotteria-0012-1_2.jpg","D:\26년 C드라이브 복사본\26년 개인블로그\내가 찍었던 사진들\롯데리아\1_2.jpg","classified","카운터와 키오스크"
"03_lotteria","03_counter_kiosk_order","C:\Users\home\Documents\detailpages\franchise-photo-library\_ready-for-detail-page\03_lotteria\03_counter_kiosk_order\03_lotteria_03_counter_kiosk_order_007.jpg","C:\Users\home\Documents\detailpages\franchise-photo-library\lotteria\08-reference-uncategorized\lotteria-0013-1_20.jpg","D:\26년 C드라이브 복사본\26년 개인블로그\내가 찍었던 사진들\롯데리아\1_20.jpg","classified","카운터와 주문 동선"
"03_lotteria","01_exterior_signage","C:\Users\home\Documents\detailpages\franchise-photo-library\_ready-for-detail-page\03_lotteria\01_exterior_signage\03_lotteria_01_exterior_signage_001.jpg","C:\Users\home\Documents\detailpages\franchise-photo-library\lotteria\08-reference-uncategorized\lotteria-0014-1_21.jpg","D:\26년 C드라이브 복사본\26년 개인블로그\내가 찍었던 사진들\롯데리아\1_21.jpg","classified","외부 출입구"
"03_lotteria","02_interior_seating","C:\Users\home\Documents\detailpages\franchise-photo-library\_ready-for-detail-page\03_lotteria\02_interior_seating\03_lotteria_02_interior_seating_005.jpg","C:\Users\home\Documents\detailpages\franchise-photo-library\lotteria\08-reference-uncategorized\lotteria-0015-1_22.jpg","D:\26년 C드라이브 복사본\26년 개인블로그\내가 찍었던 사진들\롯데리아\1_22.jpg","classified","좌석과 키오스크 방향"
"03_lotteria","02_interior_seating","C:\Users\home\Documents\detailpages\franchise-photo-library\_ready-for-detail-page\03_lotteria\02_interior_seating\03_lotteria_02_interior_seating_006.jpg","C:\Users\home\Documents\detailpages\franchise-photo-library\lotteria\08-reference-uncategorized\lotteria-0016-1_23.jpg","D:\26년 C드라이브 복사본\26년 개인블로그\내가 찍었던 사진들\롯데리아\1_23.jpg","classified","좌석과 브랜드 벽면"
"03_lotteria","03_counter_kiosk_order","C:\Users\home\Documents\detailpages\franchise-photo-library\_ready-for-detail-page\03_lotteria\03_counter_kiosk_order\03_lotteria_03_counter_kiosk_order_008.jpg","C:\Users\home\Documents\detailpages\franchise-photo-library\lotteria\08-reference-uncategorized\lotteria-0017-1_24.jpg","D:\26년 C드라이브 복사본\26년 개인블로그\내가 찍었던 사진들\롯데리아\1_24.jpg","classified","키오스크와 메뉴보드"
"03_lotteria","05_food_drink_menu","C:\Users\home\Documents\detailpages\franchise-photo-library\_ready-for-detail-page\03_lotteria\05_food_drink_menu\03_lotteria_05_food_drink_menu_003.jpg","C:\Users\home\Documents\detailpages\franchise-photo-library\lotteria\08-reference-uncategorized\lotteria-0018-1_25.jpg","D:\26년 C드라이브 복사본\26년 개인블로그\내가 찍었던 사진들\롯데리아\1_25.jpg","classified","버거와 감자튀김 제품컷"
"03_lotteria","05_food_drink_menu","C:\Users\home\Documents\detailpages\franchise-photo-library\_ready-for-detail-page\03_lotteria\05_food_drink_menu\03_lotteria_05_food_drink_menu_004.jpg","C:\Users\home\Documents\detailpages\franchise-photo-library\lotteria\08-reference-uncategorized\lotteria-0019-1_26.jpg","D:\26년 C드라이브 복사본\26년 개인블로그\내가 찍었던 사진들\롯데리아\1_26.jpg","classified","버거 세트 제품컷"
"03_lotteria","02_interior_seating","C:\Users\home\Documents\detailpages\franchise-photo-library\_ready-for-detail-page\03_lotteria\02_interior_seating\03_lotteria_02_interior_seating_007.jpg","C:\Users\home\Documents\detailpages\franchise-photo-library\lotteria\08-reference-uncategorized\lotteria-0020-1_27.jpg","D:\26년 C드라이브 복사본\26년 개인블로그\내가 찍었던 사진들\롯데리아\1_27.jpg","classified","좌석 공간"
"03_lotteria","03_counter_kiosk_order","C:\Users\home\Documents\detailpages\franchise-photo-library\_ready-for-detail-page\03_lotteria\03_counter_kiosk_order\03_lotteria_03_counter_kiosk_order_009.jpg","C:\Users\home\Documents\detailpages\franchise-photo-library\lotteria\08-reference-uncategorized\lotteria-0021-1_28.jpg","D:\26년 C드라이브 복사본\26년 개인블로그\내가 찍었던 사진들\롯데리아\1_28.jpg","classified","키오스크와 카운터"
"03_lotteria","03_counter_kiosk_order","C:\Users\home\Documents\detailpages\franchise-photo-library\_ready-for-detail-page\03_lotteria\03_counter_kiosk_order\03_lotteria_03_counter_kiosk_order_010.jpg","C:\Users\home\Documents\detailpages\franchise-photo-library\lotteria\08-reference-uncategorized\lotteria-0022-1_29.jpg","D:\26년 C드라이브 복사본\26년 개인블로그\내가 찍었던 사진들\롯데리아\1_29.jpg","classified","카운터와 메뉴보드"
"03_lotteria","02_interior_seating","C:\Users\home\Documents\detailpages\franchise-photo-library\_ready-for-detail-page\03_lotteria\02_interior_seating\03_lotteria_02_interior_seating_008.jpg","C:\Users\home\Documents\detailpages\franchise-photo-library\lotteria\08-reference-uncategorized\lotteria-0023-1_3.jpg","D:\26년 C드라이브 복사본\26년 개인블로그\내가 찍었던 사진들\롯데리아\1_3.jpg","classified","좌석 공간"
"03_lotteria","05_food_drink_menu","C:\Users\home\Documents\detailpages\franchise-photo-library\_ready-for-detail-page\03_lotteria\05_food_drink_menu\03_lotteria_05_food_drink_menu_005.jpg","C:\Users\home\Documents\detailpages\franchise-photo-library\lotteria\08-reference-uncategorized\lotteria-0024-1_30.jpg","D:\26년 C드라이브 복사본\26년 개인블로그\내가 찍었던 사진들\롯데리아\1_30.jpg","classified","버거 세트 제품컷"
"03_lotteria","02_interior_seating","C:\Users\home\Documents\detailpages\franchise-photo-library\_ready-for-detail-page\03_lotteria\02_interior_seating\03_lotteria_02_interior_seating_009.jpg","C:\Users\home\Documents\detailpages\franchise-photo-library\lotteria\08-reference-uncategorized\lotteria-0025-1_31.jpg","D:\26년 C드라이브 복사본\26년 개인블로그\내가 찍었던 사진들\롯데리아\1_31.jpg","classified","출입구와 좌석 동선"
"03_lotteria","03_counter_kiosk_order","C:\Users\home\Documents\detailpages\franchise-photo-library\_ready-for-detail-page\03_lotteria\03_counter_kiosk_order\03_lotteria_03_counter_kiosk_order_011.jpg","C:\Users\home\Documents\detailpages\franchise-photo-library\lotteria\08-reference-uncategorized\lotteria-0026-1_32.jpg","D:\26년 C드라이브 복사본\26년 개인블로그\내가 찍었던 사진들\롯데리아\1_32.jpg","classified","키오스크와 카운터"
"03_lotteria","03_counter_kiosk_order","C:\Users\home\Documents\detailpages\franchise-photo-library\_ready-for-detail-page\03_lotteria\03_counter_kiosk_order\03_lotteria_03_counter_kiosk_order_012.jpg","C:\Users\home\Documents\detailpages\franchise-photo-library\lotteria\08-reference-uncategorized\lotteria-0027-1_33.jpg","D:\26년 C드라이브 복사본\26년 개인블로그\내가 찍었던 사진들\롯데리아\1_33.jpg","classified","카운터와 메뉴보드"
"03_lotteria","02_interior_seating","C:\Users\home\Documents\detailpages\franchise-photo-library\_ready-for-detail-page\03_lotteria\02_interior_seating\03_lotteria_02_interior_seating_010.jpg","C:\Users\home\Documents\detailpages\franchise-photo-library\lotteria\08-reference-uncategorized\lotteria-0028-1_34.jpg","D:\26년 C드라이브 복사본\26년 개인블로그\내가 찍었던 사진들\롯데리아\1_34.jpg","classified","좌석 공간"
"03_lotteria","03_counter_kiosk_order","C:\Users\home\Documents\detailpages\franchise-photo-library\_ready-for-detail-page\03_lotteria\03_counter_kiosk_order\03_lotteria_03_counter_kiosk_order_013.jpg","C:\Users\home\Documents\detailpages\franchise-photo-library\lotteria\08-reference-uncategorized\lotteria-0029-1_35.jpg","D:\26년 C드라이브 복사본\26년 개인블로그\내가 찍었던 사진들\롯데리아\1_35.jpg","classified","키오스크 주문 동선"
"03_lotteria","02_interior_seating","C:\Users\home\Documents\detailpages\franchise-photo-library\_ready-for-detail-page\03_lotteria\02_interior_seating\03_lotteria_02_interior_seating_011.jpg","C:\Users\home\Documents\detailpages\franchise-photo-library\lotteria\08-reference-uncategorized\lotteria-0030-1_36.jpg","D:\26년 C드라이브 복사본\26년 개인블로그\내가 찍었던 사진들\롯데리아\1_36.jpg","classified","좌석 공간"
"03_lotteria","03_counter_kiosk_order","C:\Users\home\Documents\detailpages\franchise-photo-library\_ready-for-detail-page\03_lotteria\03_counter_kiosk_order\03_lotteria_03_counter_kiosk_order_014.jpg","C:\Users\home\Documents\detailpages\franchise-photo-library\lotteria\08-reference-uncategorized\lotteria-0031-1_37.jpg","D:\26년 C드라이브 복사본\26년 개인블로그\내가 찍었던 사진들\롯데리아\1_37.jpg","classified","키오스크와 주문 동선"
"03_lotteria","02_interior_seating","C:\Users\home\Documents\detailpages\franchise-photo-library\_ready-for-detail-page\03_lotteria\02_interior_seating\03_lotteria_02_interior_seating_012.jpg","C:\Users\home\Documents\detailpages\franchise-photo-library\lotteria\08-reference-uncategorized\lotteria-0032-1_38.jpg","D:\26년 C드라이브 복사본\26년 개인블로그\내가 찍었던 사진들\롯데리아\1_38.jpg","classified","좌석과 카운터 방향"
"03_lotteria","03_counter_kiosk_order","C:\Users\home\Documents\detailpages\franchise-photo-library\_ready-for-detail-page\03_lotteria\03_counter_kiosk_order\03_lotteria_03_counter_kiosk_order_015.jpg","C:\Users\home\Documents\detailpages\franchise-photo-library\lotteria\08-reference-uncategorized\lotteria-0033-1_39.jpg","D:\26년 C드라이브 복사본\26년 개인블로그\내가 찍었던 사진들\롯데리아\1_39.jpg","classified","키오스크와 메뉴보드"
"03_lotteria","05_food_drink_menu","C:\Users\home\Documents\detailpages\franchise-photo-library\_ready-for-detail-page\03_lotteria\05_food_drink_menu\03_lotteria_05_food_drink_menu_006.jpg","C:\Users\home\Documents\detailpages\franchise-photo-library\lotteria\08-reference-uncategorized\lotteria-0034-1_4.jpg","D:\26년 C드라이브 복사본\26년 개인블로그\내가 찍었던 사진들\롯데리아\1_4.jpg","classified","버거 제품컷"
"03_lotteria","01_exterior_signage","C:\Users\home\Documents\detailpages\franchise-photo-library\_ready-for-detail-page\03_lotteria\01_exterior_signage\03_lotteria_01_exterior_signage_002.jpg","C:\Users\home\Documents\detailpages\franchise-photo-library\lotteria\08-reference-uncategorized\lotteria-0035-1_40.jpg","D:\26년 C드라이브 복사본\26년 개인블로그\내가 찍었던 사진들\롯데리아\1_40.jpg","classified","외부 전면 간판"
"03_lotteria","02_interior_seating","C:\Users\home\Documents\detailpages\franchise-photo-library\_ready-for-detail-page\03_lotteria\02_interior_seating\03_lotteria_02_interior_seating_013.jpg","C:\Users\home\Documents\detailpages\franchise-photo-library\lotteria\08-reference-uncategorized\lotteria-0036-1_5.jpg","D:\26년 C드라이브 복사본\26년 개인블로그\내가 찍었던 사진들\롯데리아\1_5.jpg","classified","벽면 메뉴 이미지와 좌석"
"03_lotteria","99_review_needed","C:\Users\home\Documents\detailpages\franchise-photo-library\_ready-for-detail-page\03_lotteria\99_review_needed\03_lotteria_99_review_needed_001.jpg","C:\Users\home\Documents\detailpages\franchise-photo-library\lotteria\08-reference-uncategorized\lotteria-0037-1_6.jpg","D:\26년 C드라이브 복사본\26년 개인블로그\내가 찍었던 사진들\롯데리아\1_6.jpg","classified","인물 홍보물이 크게 노출됨"
"03_lotteria","03_counter_kiosk_order","C:\Users\home\Documents\detailpages\franchise-photo-library\_ready-for-detail-page\03_lotteria\03_counter_kiosk_order\03_lotteria_03_counter_kiosk_order_016.jpg","C:\Users\home\Documents\detailpages\franchise-photo-library\lotteria\08-reference-uncategorized\lotteria-0038-1_7.jpg","D:\26년 C드라이브 복사본\26년 개인블로그\내가 찍었던 사진들\롯데리아\1_7.jpg","classified","키오스크와 카운터"
"03_lotteria","02_interior_seating","C:\Users\home\Documents\detailpages\franchise-photo-library\_ready-for-detail-page\03_lotteria\02_interior_seating\03_lotteria_02_interior_seating_014.jpg","C:\Users\home\Documents\detailpages\franchise-photo-library\lotteria\08-reference-uncategorized\lotteria-0039-1_8.jpg","D:\26년 C드라이브 복사본\26년 개인블로그\내가 찍었던 사진들\롯데리아\1_8.jpg","classified","출입구 방향 좌석"
"03_lotteria","05_food_drink_menu","C:\Users\home\Documents\detailpages\franchise-photo-library\_ready-for-detail-page\03_lotteria\05_food_drink_menu\03_lotteria_05_food_drink_menu_007.jpg","C:\Users\home\Documents\detailpages\franchise-photo-library\lotteria\08-reference-uncategorized\lotteria-0040-1_9.jpg","D:\26년 C드라이브 복사본\26년 개인블로그\내가 찍었던 사진들\롯데리아\1_9.jpg","classified","브랜드 패키지 제품컷"
"03_lotteria","03_counter_kiosk_order","C:\Users\home\Documents\detailpages\franchise-photo-library\_ready-for-detail-page\03_lotteria\03_counter_kiosk_order\03_lotteria_03_counter_kiosk_order_017.jpg","C:\Users\home\Documents\detailpages\franchise-photo-library\lotteria\08-reference-uncategorized\lotteria-0041-2_1.jpg","D:\26년 C드라이브 복사본\26년 개인블로그\내가 찍었던 사진들\롯데리아\2_1.jpg","classified","키오스크 주문 동선"
"03_lotteria","03_counter_kiosk_order","C:\Users\home\Documents\detailpages\franchise-photo-library\_ready-for-detail-page\03_lotteria\03_counter_kiosk_order\03_lotteria_03_counter_kiosk_order_018.jpg","C:\Users\home\Documents\detailpages\franchise-photo-library\lotteria\08-reference-uncategorized\lotteria-0042-2_10.jpg","D:\26년 C드라이브 복사본\26년 개인블로그\내가 찍었던 사진들\롯데리아\2_10.jpg","classified","셀프 주문 키오스크"
"03_lotteria","02_interior_seating","C:\Users\home\Documents\detailpages\franchise-photo-library\_ready-for-detail-page\03_lotteria\02_interior_seating\03_lotteria_02_interior_seating_015.jpg","C:\Users\home\Documents\detailpages\franchise-photo-library\lotteria\08-reference-uncategorized\lotteria-0043-2_11.jpg","D:\26년 C드라이브 복사본\26년 개인블로그\내가 찍었던 사진들\롯데리아\2_11.jpg","classified","좌석 공간"
"03_lotteria","02_interior_seating","C:\Users\home\Documents\detailpages\franchise-photo-library\_ready-for-detail-page\03_lotteria\02_interior_seating\03_lotteria_02_interior_seating_016.jpg","C:\Users\home\Documents\detailpages\franchise-photo-library\lotteria\08-reference-uncategorized\lotteria-0044-2_12.jpg","D:\26년 C드라이브 복사본\26년 개인블로그\내가 찍었던 사진들\롯데리아\2_12.jpg","classified","벽면 브랜드 문구와 좌석"
"03_lotteria","02_interior_seating","C:\Users\home\Documents\detailpages\franchise-photo-library\_ready-for-detail-page\03_lotteria\02_interior_seating\03_lotteria_02_interior_seating_017.jpg","C:\Users\home\Documents\detailpages\franchise-photo-library\lotteria\08-reference-uncategorized\lotteria-0045-2_13.jpg","D:\26년 C드라이브 복사본\26년 개인블로그\내가 찍었던 사진들\롯데리아\2_13.jpg","classified","좌석과 제품 포스터"
"03_lotteria","02_interior_seating","C:\Users\home\Documents\detailpages\franchise-photo-library\_ready-for-detail-page\03_lotteria\02_interior_seating\03_lotteria_02_interior_seating_018.jpg","C:\Users\home\Documents\detailpages\franchise-photo-library\lotteria\08-reference-uncategorized\lotteria-0046-2_14.jpg","D:\26년 C드라이브 복사본\26년 개인블로그\내가 찍었던 사진들\롯데리아\2_14.jpg","classified","넓은 좌석과 내부 동선"
"03_lotteria","03_counter_kiosk_order","C:\Users\home\Documents\detailpages\franchise-photo-library\_ready-for-detail-page\03_lotteria\03_counter_kiosk_order\03_lotteria_03_counter_kiosk_order_019.jpg","C:\Users\home\Documents\detailpages\franchise-photo-library\lotteria\08-reference-uncategorized\lotteria-0047-2_15.jpg","D:\26년 C드라이브 복사본\26년 개인블로그\내가 찍었던 사진들\롯데리아\2_15.jpg","classified","카운터와 메뉴보드"
"03_lotteria","06_menu_promotion","C:\Users\home\Documents\detailpages\franchise-photo-library\_ready-for-detail-page\03_lotteria\06_menu_promotion\03_lotteria_06_menu_promotion_001.jpg","C:\Users\home\Documents\detailpages\franchise-photo-library\lotteria\08-reference-uncategorized\lotteria-0048-2_16.jpg","D:\26년 C드라이브 복사본\26년 개인블로그\내가 찍었던 사진들\롯데리아\2_16.jpg","classified","메뉴 프로모션 포스터"
"03_lotteria","03_counter_kiosk_order","C:\Users\home\Documents\detailpages\franchise-photo-library\_ready-for-detail-page\03_lotteria\03_counter_kiosk_order\03_lotteria_03_counter_kiosk_order_020.jpg","C:\Users\home\Documents\detailpages\franchise-photo-library\lotteria\08-reference-uncategorized\lotteria-0049-2_17.jpg","D:\26년 C드라이브 복사본\26년 개인블로그\내가 찍었던 사진들\롯데리아\2_17.jpg","classified","카운터와 메뉴보드"
"03_lotteria","03_counter_kiosk_order","C:\Users\home\Documents\detailpages\franchise-photo-library\_ready-for-detail-page\03_lotteria\03_counter_kiosk_order\03_lotteria_03_counter_kiosk_order_021.jpg","C:\Users\home\Documents\detailpages\franchise-photo-library\lotteria\08-reference-uncategorized\lotteria-0050-2_18.jpg","D:\26년 C드라이브 복사본\26년 개인블로그\내가 찍었던 사진들\롯데리아\2_18.jpg","classified","키오스크와 메뉴보드"
"03_lotteria","01_exterior_signage","C:\Users\home\Documents\detailpages\franchise-photo-library\_ready-for-detail-page\03_lotteria\01_exterior_signage\03_lotteria_01_exterior_signage_003.jpg","C:\Users\home\Documents\detailpages\franchise-photo-library\lotteria\08-reference-uncategorized\lotteria-0051-2_19.jpg","D:\26년 C드라이브 복사본\26년 개인블로그\내가 찍었던 사진들\롯데리아\2_19.jpg","classified","외부 전면 간판"
"03_lotteria","05_food_drink_menu","C:\Users\home\Documents\detailpages\franchise-photo-library\_ready-for-detail-page\03_lotteria\05_food_drink_menu\03_lotteria_05_food_drink_menu_008.jpg","C:\Users\home\Documents\detailpages\franchise-photo-library\lotteria\08-reference-uncategorized\lotteria-0052-2_2.jpg","D:\26년 C드라이브 복사본\26년 개인블로그\내가 찍었던 사진들\롯데리아\2_2.jpg","classified","버거 세트 제품컷"
"03_lotteria","05_food_drink_menu","C:\Users\home\Documents\detailpages\franchise-photo-library\_ready-for-detail-page\03_lotteria\05_food_drink_menu\03_lotteria_05_food_drink_menu_009.jpg","C:\Users\home\Documents\detailpages\franchise-photo-library\lotteria\08-reference-uncategorized\lotteria-0053-2_20.jpg","D:\26년 C드라이브 복사본\26년 개인블로그\내가 찍었던 사진들\롯데리아\2_20.jpg","classified","버거 포장 제품컷"
"03_lotteria","02_interior_seating","C:\Users\home\Documents\detailpages\franchise-photo-library\_ready-for-detail-page\03_lotteria\02_interior_seating\03_lotteria_02_interior_seating_019.jpg","C:\Users\home\Documents\detailpages\franchise-photo-library\lotteria\08-reference-uncategorized\lotteria-0054-2_21.jpg","D:\26년 C드라이브 복사본\26년 개인블로그\내가 찍었던 사진들\롯데리아\2_21.jpg","classified","좌석과 카운터 방향"
"03_lotteria","01_exterior_signage","C:\Users\home\Documents\detailpages\franchise-photo-library\_ready-for-detail-page\03_lotteria\01_exterior_signage\03_lotteria_01_exterior_signage_004.jpg","C:\Users\home\Documents\detailpages\franchise-photo-library\lotteria\08-reference-uncategorized\lotteria-0055-2_22.jpg","D:\26년 C드라이브 복사본\26년 개인블로그\내가 찍었던 사진들\롯데리아\2_22.jpg","classified","야간 외부 간판"
"03_lotteria","03_counter_kiosk_order","C:\Users\home\Documents\detailpages\franchise-photo-library\_ready-for-detail-page\03_lotteria\03_counter_kiosk_order\03_lotteria_03_counter_kiosk_order_022.jpg","C:\Users\home\Documents\detailpages\franchise-photo-library\lotteria\08-reference-uncategorized\lotteria-0056-2_23.jpg","D:\26년 C드라이브 복사본\26년 개인블로그\내가 찍었던 사진들\롯데리아\2_23.jpg","classified","카운터와 제조 동선"
"03_lotteria","03_counter_kiosk_order","C:\Users\home\Documents\detailpages\franchise-photo-library\_ready-for-detail-page\03_lotteria\03_counter_kiosk_order\03_lotteria_03_counter_kiosk_order_023.jpg","C:\Users\home\Documents\detailpages\franchise-photo-library\lotteria\08-reference-uncategorized\lotteria-0057-2_24.jpg","D:\26년 C드라이브 복사본\26년 개인블로그\내가 찍었던 사진들\롯데리아\2_24.jpg","classified","카운터와 메뉴보드"
"03_lotteria","02_interior_seating","C:\Users\home\Documents\detailpages\franchise-photo-library\_ready-for-detail-page\03_lotteria\02_interior_seating\03_lotteria_02_interior_seating_020.jpg","C:\Users\home\Documents\detailpages\franchise-photo-library\lotteria\08-reference-uncategorized\lotteria-0058-2_25.jpg","D:\26년 C드라이브 복사본\26년 개인블로그\내가 찍었던 사진들\롯데리아\2_25.jpg","classified","좌석과 안내 포스터"
"03_lotteria","02_interior_seating","C:\Users\home\Documents\detailpages\franchise-photo-library\_ready-for-detail-page\03_lotteria\02_interior_seating\03_lotteria_02_interior_seating_021.jpg","C:\Users\home\Documents\detailpages\franchise-photo-library\lotteria\08-reference-uncategorized\lotteria-0059-2_26.jpg","D:\26년 C드라이브 복사본\26년 개인블로그\내가 찍었던 사진들\롯데리아\2_26.jpg","classified","소형 좌석 공간"
"03_lotteria","01_exterior_signage","C:\Users\home\Documents\detailpages\franchise-photo-library\_ready-for-detail-page\03_lotteria\01_exterior_signage\03_lotteria_01_exterior_signage_005.jpg","C:\Users\home\Documents\detailpages\franchise-photo-library\lotteria\08-reference-uncategorized\lotteria-0060-2_27.jpg","D:\26년 C드라이브 복사본\26년 개인블로그\내가 찍었던 사진들\롯데리아\2_27.jpg","classified","외부 전면 간판"
"03_lotteria","03_counter_kiosk_order","C:\Users\home\Documents\detailpages\franchise-photo-library\_ready-for-detail-page\03_lotteria\03_counter_kiosk_order\03_lotteria_03_counter_kiosk_order_024.jpg","C:\Users\home\Documents\detailpages\franchise-photo-library\lotteria\08-reference-uncategorized\lotteria-0061-2_28.jpg","D:\26년 C드라이브 복사본\26년 개인블로그\내가 찍었던 사진들\롯데리아\2_28.jpg","classified","카운터와 메뉴보드"
"03_lotteria","02_interior_seating","C:\Users\home\Documents\detailpages\franchise-photo-library\_ready-for-detail-page\03_lotteria\02_interior_seating\03_lotteria_02_interior_seating_022.jpg","C:\Users\home\Documents\detailpages\franchise-photo-library\lotteria\08-reference-uncategorized\lotteria-0062-2_29.jpg","D:\26년 C드라이브 복사본\26년 개인블로그\내가 찍었던 사진들\롯데리아\2_29.jpg","classified","출입구 방향 좌석"
"03_lotteria","01_exterior_signage","C:\Users\home\Documents\detailpages\franchise-photo-library\_ready-for-detail-page\03_lotteria\01_exterior_signage\03_lotteria_01_exterior_signage_006.jpg","C:\Users\home\Documents\detailpages\franchise-photo-library\lotteria\08-reference-uncategorized\lotteria-0063-2_3.jpg","D:\26년 C드라이브 복사본\26년 개인블로그\내가 찍었던 사진들\롯데리아\2_3.jpg","classified","외부 전면 간판"
"03_lotteria","05_food_drink_menu","C:\Users\home\Documents\detailpages\franchise-photo-library\_ready-for-detail-page\03_lotteria\05_food_drink_menu\03_lotteria_05_food_drink_menu_010.jpg","C:\Users\home\Documents\detailpages\franchise-photo-library\lotteria\08-reference-uncategorized\lotteria-0064-2_30.jpg","D:\26년 C드라이브 복사본\26년 개인블로그\내가 찍었던 사진들\롯데리아\2_30.jpg","classified","버거 세트 제품컷"
"03_lotteria","06_menu_promotion","C:\Users\home\Documents\detailpages\franchise-photo-library\_ready-for-detail-page\03_lotteria\06_menu_promotion\03_lotteria_06_menu_promotion_002.jpg","C:\Users\home\Documents\detailpages\franchise-photo-library\lotteria\08-reference-uncategorized\lotteria-0065-2_31.jpg","D:\26년 C드라이브 복사본\26년 개인블로그\내가 찍었던 사진들\롯데리아\2_31.jpg","classified","디지털 프로모션 포스터"
"03_lotteria","02_interior_seating","C:\Users\home\Documents\detailpages\franchise-photo-library\_ready-for-detail-page\03_lotteria\02_interior_seating\03_lotteria_02_interior_seating_023.jpg","C:\Users\home\Documents\detailpages\franchise-photo-library\lotteria\08-reference-uncategorized\lotteria-0066-2_4.jpg","D:\26년 C드라이브 복사본\26년 개인블로그\내가 찍었던 사진들\롯데리아\2_4.jpg","classified","좌석 공간"
"03_lotteria","01_exterior_signage","C:\Users\home\Documents\detailpages\franchise-photo-library\_ready-for-detail-page\03_lotteria\01_exterior_signage\03_lotteria_01_exterior_signage_007.jpg","C:\Users\home\Documents\detailpages\franchise-photo-library\lotteria\08-reference-uncategorized\lotteria-0067-2_5.jpg","D:\26년 C드라이브 복사본\26년 개인블로그\내가 찍었던 사진들\롯데리아\2_5.jpg","classified","외부 전면 간판"
"03_lotteria","03_counter_kiosk_order","C:\Users\home\Documents\detailpages\franchise-photo-library\_ready-for-detail-page\03_lotteria\03_counter_kiosk_order\03_lotteria_03_counter_kiosk_order_025.jpg","C:\Users\home\Documents\detailpages\franchise-photo-library\lotteria\08-reference-uncategorized\lotteria-0068-2_6.jpg","D:\26년 C드라이브 복사본\26년 개인블로그\내가 찍었던 사진들\롯데리아\2_6.jpg","classified","카운터와 내부 동선"
"03_lotteria","03_counter_kiosk_order","C:\Users\home\Documents\detailpages\franchise-photo-library\_ready-for-detail-page\03_lotteria\03_counter_kiosk_order\03_lotteria_03_counter_kiosk_order_026.jpg","C:\Users\home\Documents\detailpages\franchise-photo-library\lotteria\08-reference-uncategorized\lotteria-0069-2_7.jpg","D:\26년 C드라이브 복사본\26년 개인블로그\내가 찍었던 사진들\롯데리아\2_7.jpg","classified","카운터와 주문 동선"
"03_lotteria","03_counter_kiosk_order","C:\Users\home\Documents\detailpages\franchise-photo-library\_ready-for-detail-page\03_lotteria\03_counter_kiosk_order\03_lotteria_03_counter_kiosk_order_027.jpg","C:\Users\home\Documents\detailpages\franchise-photo-library\lotteria\08-reference-uncategorized\lotteria-0070-2_8.jpg","D:\26년 C드라이브 복사본\26년 개인블로그\내가 찍었던 사진들\롯데리아\2_8.jpg","classified","키오스크와 카운터"
"03_lotteria","03_counter_kiosk_order","C:\Users\home\Documents\detailpages\franchise-photo-library\_ready-for-detail-page\03_lotteria\03_counter_kiosk_order\03_lotteria_03_counter_kiosk_order_028.jpg","C:\Users\home\Documents\detailpages\franchise-photo-library\lotteria\08-reference-uncategorized\lotteria-0071-2_9.jpg","D:\26년 C드라이브 복사본\26년 개인블로그\내가 찍었던 사진들\롯데리아\2_9.jpg","classified","카운터와 메뉴보드"
"03_lotteria","05_food_drink_menu","C:\Users\home\Documents\detailpages\franchise-photo-library\_ready-for-detail-page\03_lotteria\05_food_drink_menu\03_lotteria_05_food_drink_menu_011.jpeg","C:\Users\home\Documents\detailpages\franchise-photo-library\lotteria\08-reference-uncategorized\lotteria-0072-5월_1.jpeg","D:\26년 C드라이브 복사본\26년 개인블로그\내가 찍었던 사진들\롯데리아\5월_1.jpeg","classified","버거 제품컷"
"03_lotteria","02_interior_seating","C:\Users\home\Documents\detailpages\franchise-photo-library\_ready-for-detail-page\03_lotteria\02_interior_seating\03_lotteria_02_interior_seating_024.jpeg","C:\Users\home\Documents\detailpages\franchise-photo-library\lotteria\08-reference-uncategorized\lotteria-0073-5월_10.jpeg","D:\26년 C드라이브 복사본\26년 개인블로그\내가 찍었던 사진들\롯데리아\5월_10.jpeg","classified","좌석과 메뉴 포스터"
"03_lotteria","02_interior_seating","C:\Users\home\Documents\detailpages\franchise-photo-library\_ready-for-detail-page\03_lotteria\02_interior_seating\03_lotteria_02_interior_seating_025.jpeg","C:\Users\home\Documents\detailpages\franchise-photo-library\lotteria\08-reference-uncategorized\lotteria-0074-5월_2.jpeg","D:\26년 C드라이브 복사본\26년 개인블로그\내가 찍었던 사진들\롯데리아\5월_2.jpeg","classified","벽면 메뉴 이미지와 좌석"
"03_lotteria","02_interior_seating","C:\Users\home\Documents\detailpages\franchise-photo-library\_ready-for-detail-page\03_lotteria\02_interior_seating\03_lotteria_02_interior_seating_026.jpeg","C:\Users\home\Documents\detailpages\franchise-photo-library\lotteria\08-reference-uncategorized\lotteria-0075-5월_3.jpeg","D:\26년 C드라이브 복사본\26년 개인블로그\내가 찍었던 사진들\롯데리아\5월_3.jpeg","classified","브랜드 월사인과 좌석"
"03_lotteria","02_interior_seating","C:\Users\home\Documents\detailpages\franchise-photo-library\_ready-for-detail-page\03_lotteria\02_interior_seating\03_lotteria_02_interior_seating_027.jpeg","C:\Users\home\Documents\detailpages\franchise-photo-library\lotteria\08-reference-uncategorized\lotteria-0076-5월_4.jpeg","D:\26년 C드라이브 복사본\26년 개인블로그\내가 찍었던 사진들\롯데리아\5월_4.jpeg","classified","넓은 내부 좌석 공간"
"03_lotteria","02_interior_seating","C:\Users\home\Documents\detailpages\franchise-photo-library\_ready-for-detail-page\03_lotteria\02_interior_seating\03_lotteria_02_interior_seating_028.jpeg","C:\Users\home\Documents\detailpages\franchise-photo-library\lotteria\08-reference-uncategorized\lotteria-0077-5월_5.jpeg","D:\26년 C드라이브 복사본\26년 개인블로그\내가 찍었던 사진들\롯데리아\5월_5.jpeg","classified","좌석과 내부 벽면"
"03_lotteria","02_interior_seating","C:\Users\home\Documents\detailpages\franchise-photo-library\_ready-for-detail-page\03_lotteria\02_interior_seating\03_lotteria_02_interior_seating_029.jpeg","C:\Users\home\Documents\detailpages\franchise-photo-library\lotteria\08-reference-uncategorized\lotteria-0078-5월_6.jpeg","D:\26년 C드라이브 복사본\26년 개인블로그\내가 찍었던 사진들\롯데리아\5월_6.jpeg","classified","벽면 그래픽과 좌석"
"03_lotteria","02_interior_seating","C:\Users\home\Documents\detailpages\franchise-photo-library\_ready-for-detail-page\03_lotteria\02_interior_seating\03_lotteria_02_interior_seating_030.jpeg","C:\Users\home\Documents\detailpages\franchise-photo-library\lotteria\08-reference-uncategorized\lotteria-0079-5월_7.jpeg","D:\26년 C드라이브 복사본\26년 개인블로그\내가 찍었던 사진들\롯데리아\5월_7.jpeg","classified","좌석과 포스터"
"03_lotteria","03_counter_kiosk_order","C:\Users\home\Documents\detailpages\franchise-photo-library\_ready-for-detail-page\03_lotteria\03_counter_kiosk_order\03_lotteria_03_counter_kiosk_order_029.jpeg","C:\Users\home\Documents\detailpages\franchise-photo-library\lotteria\08-reference-uncategorized\lotteria-0080-5월_8.jpeg","D:\26년 C드라이브 복사본\26년 개인블로그\내가 찍었던 사진들\롯데리아\5월_8.jpeg","classified","카운터와 좌석 방향"
"03_lotteria","02_interior_seating","C:\Users\home\Documents\detailpages\franchise-photo-library\_ready-for-detail-page\03_lotteria\02_interior_seating\03_lotteria_02_interior_seating_031.jpeg","C:\Users\home\Documents\detailpages\franchise-photo-library\lotteria\08-reference-uncategorized\lotteria-0081-5월_9.jpeg","D:\26년 C드라이브 복사본\26년 개인블로그\내가 찍었던 사진들\롯데리아\5월_9.jpeg","classified","좌석과 카운터 방향"
"03_lotteria","02_interior_seating","C:\Users\home\Documents\detailpages\franchise-photo-library\_ready-for-detail-page\03_lotteria\02_interior_seating\03_lotteria_02_interior_seating_032.jpeg","C:\Users\home\Documents\detailpages\franchise-photo-library\lotteria\08-reference-uncategorized\lotteria-0082-6월_1.jpeg","D:\26년 C드라이브 복사본\26년 개인블로그\내가 찍었던 사진들\롯데리아\6월_1.jpeg","classified","좌석과 키오스크 방향"
"03_lotteria","03_counter_kiosk_order","C:\Users\home\Documents\detailpages\franchise-photo-library\_ready-for-detail-page\03_lotteria\03_counter_kiosk_order\03_lotteria_03_counter_kiosk_order_030.jpeg","C:\Users\home\Documents\detailpages\franchise-photo-library\lotteria\08-reference-uncategorized\lotteria-0083-6월_10.jpeg","D:\26년 C드라이브 복사본\26년 개인블로그\내가 찍었던 사진들\롯데리아\6월_10.jpeg","classified","키오스크 주문 동선"
"03_lotteria","06_menu_promotion","C:\Users\home\Documents\detailpages\franchise-photo-library\_ready-for-detail-page\03_lotteria\06_menu_promotion\03_lotteria_06_menu_promotion_003.jpeg","C:\Users\home\Documents\detailpages\franchise-photo-library\lotteria\08-reference-uncategorized\lotteria-0084-6월_11.jpeg","D:\26년 C드라이브 복사본\26년 개인블로그\내가 찍었던 사진들\롯데리아\6월_11.jpeg","classified","충전 안내와 좌석"
"03_lotteria","02_interior_seating","C:\Users\home\Documents\detailpages\franchise-photo-library\_ready-for-detail-page\03_lotteria\02_interior_seating\03_lotteria_02_interior_seating_033.jpeg","C:\Users\home\Documents\detailpages\franchise-photo-library\lotteria\08-reference-uncategorized\lotteria-0085-6월_2.jpeg","D:\26년 C드라이브 복사본\26년 개인블로그\내가 찍었던 사진들\롯데리아\6월_2.jpeg","classified","좌석과 내부 벽면"
"03_lotteria","03_counter_kiosk_order","C:\Users\home\Documents\detailpages\franchise-photo-library\_ready-for-detail-page\03_lotteria\03_counter_kiosk_order\03_lotteria_03_counter_kiosk_order_031.jpeg","C:\Users\home\Documents\detailpages\franchise-photo-library\lotteria\08-reference-uncategorized\lotteria-0086-6월_3.jpeg","D:\26년 C드라이브 복사본\26년 개인블로그\내가 찍었던 사진들\롯데리아\6월_3.jpeg","classified","카운터와 키오스크"
"03_lotteria","03_counter_kiosk_order","C:\Users\home\Documents\detailpages\franchise-photo-library\_ready-for-detail-page\03_lotteria\03_counter_kiosk_order\03_lotteria_03_counter_kiosk_order_032.jpeg","C:\Users\home\Documents\detailpages\franchise-photo-library\lotteria\08-reference-uncategorized\lotteria-0087-6월_4.jpeg","D:\26년 C드라이브 복사본\26년 개인블로그\내가 찍었던 사진들\롯데리아\6월_4.jpeg","classified","카운터와 메뉴보드"
"03_lotteria","02_interior_seating","C:\Users\home\Documents\detailpages\franchise-photo-library\_ready-for-detail-page\03_lotteria\02_interior_seating\03_lotteria_02_interior_seating_034.jpeg","C:\Users\home\Documents\detailpages\franchise-photo-library\lotteria\08-reference-uncategorized\lotteria-0088-6월_5.jpeg","D:\26년 C드라이브 복사본\26년 개인블로그\내가 찍었던 사진들\롯데리아\6월_5.jpeg","classified","좌석과 카운터 방향"
"03_lotteria","03_counter_kiosk_order","C:\Users\home\Documents\detailpages\franchise-photo-library\_ready-for-detail-page\03_lotteria\03_counter_kiosk_order\03_lotteria_03_counter_kiosk_order_033.jpeg","C:\Users\home\Documents\detailpages\franchise-photo-library\lotteria\08-reference-uncategorized\lotteria-0089-6월_6.jpeg","D:\26년 C드라이브 복사본\26년 개인블로그\내가 찍었던 사진들\롯데리아\6월_6.jpeg","classified","키오스크와 카운터"
"03_lotteria","02_interior_seating","C:\Users\home\Documents\detailpages\franchise-photo-library\_ready-for-detail-page\03_lotteria\02_interior_seating\03_lotteria_02_interior_seating_035.jpeg","C:\Users\home\Documents\detailpages\franchise-photo-library\lotteria\08-reference-uncategorized\lotteria-0090-6월_7.jpeg","D:\26년 C드라이브 복사본\26년 개인블로그\내가 찍었던 사진들\롯데리아\6월_7.jpeg","classified","좌석과 창가"
"03_lotteria","02_interior_seating","C:\Users\home\Documents\detailpages\franchise-photo-library\_ready-for-detail-page\03_lotteria\02_interior_seating\03_lotteria_02_interior_seating_036.jpeg","C:\Users\home\Documents\detailpages\franchise-photo-library\lotteria\08-reference-uncategorized\lotteria-0091-6월_8.jpeg","D:\26년 C드라이브 복사본\26년 개인블로그\내가 찍었던 사진들\롯데리아\6월_8.jpeg","classified","좌석과 내부 동선"
"03_lotteria","01_exterior_signage","C:\Users\home\Documents\detailpages\franchise-photo-library\_ready-for-detail-page\03_lotteria\01_exterior_signage\03_lotteria_01_exterior_signage_008.jpeg","C:\Users\home\Documents\detailpages\franchise-photo-library\lotteria\08-reference-uncategorized\lotteria-0092-6월_9.jpeg","D:\26년 C드라이브 복사본\26년 개인블로그\내가 찍었던 사진들\롯데리아\6월_9.jpeg","classified","외부 전면 간판"
"03_lotteria","03_counter_kiosk_order","C:\Users\home\Documents\detailpages\franchise-photo-library\_ready-for-detail-page\03_lotteria\03_counter_kiosk_order\03_lotteria_03_counter_kiosk_order_034.jpg","C:\Users\home\Documents\detailpages\franchise-photo-library\lotteria\08-reference-uncategorized\lotteria-0093-KakaoTalk_20260407_125233963_02.jpg","D:\26년 C드라이브 복사본\26년 개인블로그\내가 찍었던 사진들\롯데리아\KakaoTalk_20260407_125233963_02.jpg","classified","카운터와 메뉴보드"
"03_lotteria","01_exterior_signage","C:\Users\home\Documents\detailpages\franchise-photo-library\_ready-for-detail-page\03_lotteria\01_exterior_signage\03_lotteria_01_exterior_signage_009.jpg","C:\Users\home\Documents\detailpages\franchise-photo-library\lotteria\08-reference-uncategorized\lotteria-0094-KakaoTalk_20260407_125233963_03.jpg","D:\26년 C드라이브 복사본\26년 개인블로그\내가 찍었던 사진들\롯데리아\KakaoTalk_20260407_125233963_03.jpg","classified","외부 전면 간판"
"03_lotteria","02_interior_seating","C:\Users\home\Documents\detailpages\franchise-photo-library\_ready-for-detail-page\03_lotteria\02_interior_seating\03_lotteria_02_interior_seating_037.jpg","C:\Users\home\Documents\detailpages\franchise-photo-library\lotteria\08-reference-uncategorized\lotteria-0095-KakaoTalk_20260407_125233963_04.jpg","D:\26년 C드라이브 복사본\26년 개인블로그\내가 찍었던 사진들\롯데리아\KakaoTalk_20260407_125233963_04.jpg","classified","출입구와 내부 동선"
"03_lotteria","02_interior_seating","C:\Users\home\Documents\detailpages\franchise-photo-library\_ready-for-detail-page\03_lotteria\02_interior_seating\03_lotteria_02_interior_seating_038.jpg","C:\Users\home\Documents\detailpages\franchise-photo-library\lotteria\08-reference-uncategorized\lotteria-0096-KakaoTalk_20260407_125233963_05.jpg","D:\26년 C드라이브 복사본\26년 개인블로그\내가 찍었던 사진들\롯데리아\KakaoTalk_20260407_125233963_05.jpg","classified","넓은 좌석과 카운터 방향; 사람 있음"
"03_lotteria","02_interior_seating","C:\Users\home\Documents\detailpages\franchise-photo-library\_ready-for-detail-page\03_lotteria\02_interior_seating\03_lotteria_02_interior_seating_039.jpg","C:\Users\home\Documents\detailpages\franchise-photo-library\lotteria\08-reference-uncategorized\lotteria-0097-KakaoTalk_20260407_125233963_06.jpg","D:\26년 C드라이브 복사본\26년 개인블로그\내가 찍었던 사진들\롯데리아\KakaoTalk_20260407_125233963_06.jpg","classified","넓은 좌석과 카운터 방향; 사람 있음"
"03_lotteria","02_interior_seating","C:\Users\home\Documents\detailpages\franchise-photo-library\_ready-for-detail-page\03_lotteria\02_interior_seating\03_lotteria_02_interior_seating_040.jpg","C:\Users\home\Documents\detailpages\franchise-photo-library\lotteria\08-reference-uncategorized\lotteria-0098-KakaoTalk_20260407_125233963_07.jpg","D:\26년 C드라이브 복사본\26년 개인블로그\내가 찍었던 사진들\롯데리아\KakaoTalk_20260407_125233963_07.jpg","classified","좌석과 내부 벽면; 사람 있음"
"03_lotteria","02_interior_seating","C:\Users\home\Documents\detailpages\franchise-photo-library\_ready-for-detail-page\03_lotteria\02_interior_seating\03_lotteria_02_interior_seating_041.jpg","C:\Users\home\Documents\detailpages\franchise-photo-library\lotteria\08-reference-uncategorized\lotteria-0099-KakaoTalk_20260407_125233963_08.jpg","D:\26년 C드라이브 복사본\26년 개인블로그\내가 찍었던 사진들\롯데리아\KakaoTalk_20260407_125233963_08.jpg","classified","좌석과 카운터 방향; 사람 있음"
"03_lotteria","02_interior_seating","C:\Users\home\Documents\detailpages\franchise-photo-library\_ready-for-detail-page\03_lotteria\02_interior_seating\03_lotteria_02_interior_seating_042.jpg","C:\Users\home\Documents\detailpages\franchise-photo-library\lotteria\08-reference-uncategorized\lotteria-0100-KakaoTalk_20260407_125233963_09.jpg","D:\26년 C드라이브 복사본\26년 개인블로그\내가 찍었던 사진들\롯데리아\KakaoTalk_20260407_125233963_09.jpg","classified","좌석과 카운터 방향"
"03_lotteria","03_counter_kiosk_order","C:\Users\home\Documents\detailpages\franchise-photo-library\_ready-for-detail-page\03_lotteria\03_counter_kiosk_order\03_lotteria_03_counter_kiosk_order_035.jpg","C:\Users\home\Documents\detailpages\franchise-photo-library\lotteria\08-reference-uncategorized\lotteria-0101-추가1.jpg","D:\26년 C드라이브 복사본\26년 개인블로그\내가 찍었던 사진들\롯데리아\추가1.jpg","classified","카운터와 메뉴보드"
"03_lotteria","06_menu_promotion","C:\Users\home\Documents\detailpages\franchise-photo-library\_ready-for-detail-page\03_lotteria\06_menu_promotion\03_lotteria_06_menu_promotion_004.jpg","C:\Users\home\Documents\detailpages\franchise-photo-library\lotteria\08-reference-uncategorized\lotteria-0102-추가10.jpg","D:\26년 C드라이브 복사본\26년 개인블로그\내가 찍었던 사진들\롯데리아\추가10.jpg","classified","제품 프로모션 포스터"
"03_lotteria","05_food_drink_menu","C:\Users\home\Documents\detailpages\franchise-photo-library\_ready-for-detail-page\03_lotteria\05_food_drink_menu\03_lotteria_05_food_drink_menu_012.jpg","C:\Users\home\Documents\detailpages\franchise-photo-library\lotteria\08-reference-uncategorized\lotteria-0103-추가11.jpg","D:\26년 C드라이브 복사본\26년 개인블로그\내가 찍었던 사진들\롯데리아\추가11.jpg","classified","제품 이미지 컷"
"03_lotteria","03_counter_kiosk_order","C:\Users\home\Documents\detailpages\franchise-photo-library\_ready-for-detail-page\03_lotteria\03_counter_kiosk_order\03_lotteria_03_counter_kiosk_order_036.jpg","C:\Users\home\Documents\detailpages\franchise-photo-library\lotteria\08-reference-uncategorized\lotteria-0104-추가12.jpg","D:\26년 C드라이브 복사본\26년 개인블로그\내가 찍었던 사진들\롯데리아\추가12.jpg","classified","카운터와 키오스크"
"03_lotteria","01_exterior_signage","C:\Users\home\Documents\detailpages\franchise-photo-library\_ready-for-detail-page\03_lotteria\01_exterior_signage\03_lotteria_01_exterior_signage_010.jpg","C:\Users\home\Documents\detailpages\franchise-photo-library\lotteria\08-reference-uncategorized\lotteria-0105-추가13.jpg","D:\26년 C드라이브 복사본\26년 개인블로그\내가 찍었던 사진들\롯데리아\추가13.jpg","classified","외부 전면 간판"
"03_lotteria","01_exterior_signage","C:\Users\home\Documents\detailpages\franchise-photo-library\_ready-for-detail-page\03_lotteria\01_exterior_signage\03_lotteria_01_exterior_signage_011.jpg","C:\Users\home\Documents\detailpages\franchise-photo-library\lotteria\08-reference-uncategorized\lotteria-0106-추가14.jpg","D:\26년 C드라이브 복사본\26년 개인블로그\내가 찍었던 사진들\롯데리아\추가14.jpg","classified","외부 간판 클로즈업"
"03_lotteria","01_exterior_signage","C:\Users\home\Documents\detailpages\franchise-photo-library\_ready-for-detail-page\03_lotteria\01_exterior_signage\03_lotteria_01_exterior_signage_012.jpg","C:\Users\home\Documents\detailpages\franchise-photo-library\lotteria\08-reference-uncategorized\lotteria-0107-추가2.jpg","D:\26년 C드라이브 복사본\26년 개인블로그\내가 찍었던 사진들\롯데리아\추가2.jpg","classified","외부 출입구와 간판"
"03_lotteria","02_interior_seating","C:\Users\home\Documents\detailpages\franchise-photo-library\_ready-for-detail-page\03_lotteria\02_interior_seating\03_lotteria_02_interior_seating_043.jpg","C:\Users\home\Documents\detailpages\franchise-photo-library\lotteria\08-reference-uncategorized\lotteria-0108-추가3.jpg","D:\26년 C드라이브 복사본\26년 개인블로그\내가 찍었던 사진들\롯데리아\추가3.jpg","classified","좌석과 카운터 방향"
"03_lotteria","03_counter_kiosk_order","C:\Users\home\Documents\detailpages\franchise-photo-library\_ready-for-detail-page\03_lotteria\03_counter_kiosk_order\03_lotteria_03_counter_kiosk_order_037.jpg","C:\Users\home\Documents\detailpages\franchise-photo-library\lotteria\08-reference-uncategorized\lotteria-0109-추가4.jpg","D:\26년 C드라이브 복사본\26년 개인블로그\내가 찍었던 사진들\롯데리아\추가4.jpg","classified","카운터와 키오스크"
"03_lotteria","01_exterior_signage","C:\Users\home\Documents\detailpages\franchise-photo-library\_ready-for-detail-page\03_lotteria\01_exterior_signage\03_lotteria_01_exterior_signage_013.jpg","C:\Users\home\Documents\detailpages\franchise-photo-library\lotteria\08-reference-uncategorized\lotteria-0110-추가5.jpg","D:\26년 C드라이브 복사본\26년 개인블로그\내가 찍었던 사진들\롯데리아\추가5.jpg","classified","외부 전면 간판"
"03_lotteria","02_interior_seating","C:\Users\home\Documents\detailpages\franchise-photo-library\_ready-for-detail-page\03_lotteria\02_interior_seating\03_lotteria_02_interior_seating_044.jpg","C:\Users\home\Documents\detailpages\franchise-photo-library\lotteria\08-reference-uncategorized\lotteria-0111-추가6.jpg","D:\26년 C드라이브 복사본\26년 개인블로그\내가 찍었던 사진들\롯데리아\추가6.jpg","classified","좌석과 내부 동선"
"03_lotteria","02_interior_seating","C:\Users\home\Documents\detailpages\franchise-photo-library\_ready-for-detail-page\03_lotteria\02_interior_seating\03_lotteria_02_interior_seating_045.jpg","C:\Users\home\Documents\detailpages\franchise-photo-library\lotteria\08-reference-uncategorized\lotteria-0112-추가7.jpg","D:\26년 C드라이브 복사본\26년 개인블로그\내가 찍었던 사진들\롯데리아\추가7.jpg","classified","넓은 좌석 공간"
"03_lotteria","02_interior_seating","C:\Users\home\Documents\detailpages\franchise-photo-library\_ready-for-detail-page\03_lotteria\02_interior_seating\03_lotteria_02_interior_seating_046.jpg","C:\Users\home\Documents\detailpages\franchise-photo-library\lotteria\08-reference-uncategorized\lotteria-0113-추가8.jpg","D:\26년 C드라이브 복사본\26년 개인블로그\내가 찍었던 사진들\롯데리아\추가8.jpg","classified","브랜드 컬러 벽면과 좌석"
"03_lotteria","02_interior_seating","C:\Users\home\Documents\detailpages\franchise-photo-library\_ready-for-detail-page\03_lotteria\02_interior_seating\03_lotteria_02_interior_seating_047.jpg","C:\Users\home\Documents\detailpages\franchise-photo-library\lotteria\08-reference-uncategorized\lotteria-0114-추가9.jpg","D:\26년 C드라이브 복사본\26년 개인블로그\내가 찍었던 사진들\롯데리아\추가9.jpg","classified","좌석 공간"
